,img_id_A,img_id_B,target,f1,f2,f3,f4,f5,f6,f7,f8,f9
0,1120a,1120c,1,0,0,0,0,2,0,0,0,0
1,1442a,1451a,0,-1,3,0,2,0,3,0,-1,0
2,1482b,1482a,1,0,3,0,1,0,1,-1,-3,0
3,0323c,0323b,1,1,2,0,0,1,0,0,2,1
4,1475b,1358a,0,2,3,0,-3,0,1,-1,-1,1
5,0550a,1201b,0,0,1,1,1,-2,0,2,3,0
6,0424a,0424c,1,-1,1,0,-3,2,0,-2,-2,0
7,1517a,1517b,1,-3,0,0,-1,2,0,-2,-3,0
8,1460a,1460b,1,1,2,0,3,0,1,2,1,0
9,0349a,1201a,0,2,-1,0,0,0,-1,-3,1,1
10,1252a,1171b,0,1,-1,0,-2,-2,0,-1,1,0
11,1375c,1375a,1,-2,-2,0,-1,-2,-1,-1,-2,0
12,1224c,1381a,0,0,-1,1,1,-2,-1,-1,0,0
13,1445a,1445c,1,2,2,0,3,0,0,1,-2,0
14,0492a,0492b,1,2,-3,0,-3,0,0,0,2,0
15,0539a,0539b,1,-2,0,0,-3,0,-2,-1,0,-1
16,0597c,0597a,1,2,-1,1,-2,-2,1,0,2,0
17,0359a,1097a,0,1,0,0,1,0,0,0,-1,0
18,1253b,1253c,1,2,3,-1,-4,-1,0,2,2,1
19,1454c,1454a,1,1,-1,-1,-1,0,-1,0,0,1
20,1426b,0402b,0,-2,0,0,-2,0,0,-1,-2,0
21,1416b,0575c,0,0,-2,0,-3,0,2,0,3,1
22,1508b,1212a,0,-2,0,0,3,0,0,0,3,0
23,1271a,1271b,1,-1,-3,0,0,0,-1,-2,-4,-1
24,1294a,1294b,1,2,-2,0,0,0,0,-2,4,1
25,1201a,1039a,0,2,1,0,-3,0,-1,-1,-2,0
26,1284a,0373a,0,0,0,0,0,0,1,1,-3,0
27,1531a,1488b,0,-2,1,0,-1,0,1,1,1,0
28,1432c,0381b,0,-1,1,0,-1,2,0,1,-4,0
29,1260a,1260c,1,0,-1,1,0,2,1,2,2,1
30,0532b,1493b,0,0,4,0,1,0,-2,-2,-2,0
31,0472b,0579c,0,1,0,0,-3,2,1,-1,3,0
32,0340a,0340c,1,-1,0,1,0,-2,1,-1,1,-1
33,1039c,1286a,0,-1,1,0,-3,-1,-2,-1,-2,0
34,1496a,1496c,1,0,-3,1,-1,0,-1,1,-3,0
35,1477a,1477c,1,0,0,0,-3,1,1,0,2,0
36,0307a,1497a,0,-1,-2,0,0,0,0,0,-1,0
37,1374b,0319a,0,-2,4,0,-3,0,1,0,-1,0
38,0319c,0319b,1,-2,0,0,2,0,1,0,-3,0
39,1463a,0411b,0,0,0,0,-1,0,-1,3,0,0
40,0373b,0564c,0,-2,0,0,0,0,0,1,-1,0
41,1426b,1426a,1,1,-2,1,1,2,1,0,-4,1
42,0560c,0560a,1,0,0,1,-1,0,-2,-3,1,0
43,1409a,1409c,1,-2,0,0,3,0,0,0,3,0
44,0375a,0896c,0,1,1,-1,-2,0,0,1,-3,-1
45,1382b,1382a,1,-2,-2,0,0,0,0,0,0,0
46,0489c,0489a,1,0,1,1,-1,0,-1,1,-1,-1
47,0515a,1328b,0,-1,-1,0,0,0,0,-2,-1,0
48,0405c,0564c,0,-1,0,0,2,0,0,0,1,1
49,0314a,0540a,0,2,0,0,3,1,-1,-1,3,0
50,1545a,1107c,0,0,0,0,-1,0,0,1,2,0
51,0496a,0383a,0,2,3,0,2,0,1,-1,1,0
52,1180b,0353a,0,1,-1,0,3,1,1,-1,2,0
53,1417c,1417b,1,1,0,0,0,0,-1,0,0,1
54,1494c,0549c,0,-2,0,0,0,0,1,-1,4,0
55,1222c,1222a,1,-3,-2,0,-3,0,-1,-2,-2,0
56,0577a,0577c,1,-1,-3,0,-3,0,0,-1,3,0
57,0357c,1312a,0,-1,3,1,2,0,0,0,2,0
58,0373b,0373c,1,-1,0,0,-3,1,0,1,-1,-1
59,1508c,0440b,0,1,1,0,-2,0,1,0,1,0
60,1137b,1137c,1,1,-1,0,2,-2,0,0,-3,0
61,0594a,0594c,1,0,0,0,0,0,0,0,-3,0
62,1363a,1363c,1,3,3,0,3,0,0,-3,4,0
63,1534b,1149b,0,1,0,1,-1,0,0,2,-1,0
64,1127b,1127c,1,0,1,-1,0,-1,0,3,-1,0
65,0348a,0348c,1,-1,-3,0,0,-1,-1,-1,3,0
66,1502b,1329c,0,-1,-1,1,-2,-2,1,0,1,-1
67,0363c,1451a,0,0,1,-1,2,0,1,-1,3,1
68,1451c,1451b,1,-1,-4,1,-1,0,0,3,-3,0
69,1231a,1231c,1,3,4,0,-1,0,1,-1,2,0
70,1370b,1370c,1,0,-3,0,2,0,1,0,-4,0
71,0359a,0359b,1,1,0,0,-1,0,-1,0,1,0
72,1300a,1300c,1,1,0,1,0,0,0,0,-1,0
73,1334a,1417c,0,0,1,0,-2,0,1,1,2,0
74,1137a,0307b,0,0,0,0,3,0,0,0,-2,0
75,0328a,0350a,0,0,0,0,0,1,-1,0,-2,0
76,1284a,1284c,1,-2,0,0,-3,0,0,1,1,0
77,0321c,0381a,0,0,0,0,3,2,0,0,1,0
78,1196a,1196c,1,-2,-1,0,3,0,0,-3,-2,0
79,0314b,0314a,1,0,2,1,-1,0,1,-2,-1,0
80,1378b,1378a,1,-3,-3,0,1,0,0,-3,0,0
81,1458a,0355a,0,0,1,-1,-1,-1,0,-1,0,0
82,0373a,0885c,0,0,0,0,-3,2,-1,-1,-2,1
83,0421b,0421c,1,0,0,0,2,-1,1,-1,0,1
84,1180a,0449c,0,-1,0,0,0,0,0,0,2,1
85,1309a,1309c,1,-1,1,0,-3,0,-1,0,-4,0
86,1510a,1545b,0,-2,0,1,-3,0,1,0,-3,0
87,0389c,0583c,0,0,-4,0,-1,-2,-1,-1,1,-1
88,0544a,0464a,0,3,-3,0,-1,0,1,1,-2,0
89,0464a,1294a,0,-1,1,-1,-2,-2,0,1,-4,-1
90,0491b,0491c,1,1,1,0,0,0,-1,0,-1,0
91,1417b,0363a,0,-1,0,0,0,2,-1,0,2,0
92,1432c,1432b,1,1,-1,1,-1,0,2,1,0,0
93,1366a,1181a,0,0,-3,0,0,-1,0,-3,0,0
94,1208a,1208b,1,0,0,1,-2,0,-1,3,0,0
95,0337a,0916a,0,0,1,0,-3,-2,0,-2,-2,-1
96,1091c,1091a,1,1,-1,0,-2,3,1,1,2,1
97,1259a,0549b,0,1,1,0,-3,-2,1,-1,2,1
98,0594a,1497a,0,0,-3,0,0,0,-1,1,3,0
99,1451a,1451c,1,2,-1,0,3,2,0,-1,3,1
100,0510c,1107c,0,2,1,0,3,-1,1,-1,1,1
101,1377c,0315a,0,1,3,0,0,0,1,-2,-1,0
102,1520a,1520c,1,-1,0,0,-3,-2,1,-3,0,0
103,1319a,1319c,1,-2,2,0,-1,0,0,0,-1,1
104,0319a,0319b,1,2,3,0,3,2,1,-1,1,1
105,1257b,1257c,1,1,0,0,1,0,1,0,0,0
106,0331a,0587c,0,2,0,0,-2,0,0,1,2,0
107,1442b,0319c,0,-2,-3,0,-2,0,-1,-1,0,0
108,1152b,1152c,1,0,0,0,3,0,0,0,-2,0
109,0892a,0892c,1,0,-3,-1,0,0,-1,1,0,-1
110,0556a,1394b,0,1,1,0,3,2,0,1,2,1
111,1362a,1543a,0,-2,0,0,3,0,1,0,-2,0
112,0338a,1221c,0,1,0,0,-2,2,1,1,4,1
113,0302c,1165c,0,-1,0,1,3,0,0,-1,0,0
114,1305a,1305b,1,3,0,0,3,0,1,0,2,1
115,0565a,1508b,0,-1,0,1,0,0,0,-1,-2,0
116,0304a,1361a,0,-2,-2,1,-1,0,1,-1,0,0
117,1386a,1551c,0,2,3,0,1,2,0,-1,0,1
118,1463b,1463c,1,1,2,0,0,0,0,-1,-1,1
119,1534b,1119b,0,2,-1,0,-2,1,0,-1,1,1
120,1335b,1335c,1,-2,0,0,0,0,0,-1,2,0
121,1394a,1394b,1,-2,2,0,-1,0,0,-3,2,0
122,1107c,1103a,0,1,0,0,1,1,0,3,0,0
123,1552a,1552b,1,1,0,0,3,-2,0,-2,0,1
124,0440b,0440a,1,-1,-3,0,-3,0,-1,-1,-1,-1
125,1234b,0358b,0,-2,0,0,2,0,-1,0,-1,0
126,1236a,1236b,1,1,1,0,2,0,-1,-2,4,0
127,1341a,0538b,0,2,1,0,0,0,1,0,3,1
128,1492a,0496a,0,-1,0,0,3,0,-2,0,1,0
129,1485a,1485b,1,-1,-3,0,-3,0,0,-1,2,-1
130,1453a,1453c,1,-1,1,0,0,0,-1,-1,-1,1
131,1551a,1551b,1,-1,-1,1,-1,0,-1,1,0,0
132,1191b,1272a,0,0,3,0,0,2,0,0,-1,0
133,0565a,1153a,0,0,0,0,-1,0,-1,-2,0,0
134,1377c,0892c,0,0,-2,1,-2,0,-2,0,-1,0
135,0340b,0340c,1,0,-2,0,-1,-1,0,1,0,1
136,0351c,0351b,1,-1,-3,1,-1,0,2,0,1,0
137,1531a,0354a,0,-2,-2,0,-2,0,-1,-2,-2,-1
138,0307a,0593c,0,0,0,0,-1,0,0,1,-2,1
139,1334a,1334c,1,2,-2,0,-2,0,0,0,2,0
140,0579a,0579c,1,0,0,0,2,-1,1,-1,-1,1
141,1171a,1440b,0,-1,1,0,0,0,0,-3,-2,-1
142,0354b,0354c,1,0,-3,0,0,0,0,-1,2,0
143,1375b,1375c,1,0,0,0,-3,0,0,0,-1,0
144,1513c,1423a,0,0,0,1,-3,0,0,-1,-1,0
145,0923a,0923c,1,1,-1,0,0,2,-1,0,1,1
146,0536a,0536b,1,0,-1,0,0,0,0,0,0,0
147,0372a,0372b,1,0,0,0,4,0,1,-3,-1,0
148,0515a,0540a,0,0,-1,0,-2,2,0,-2,1,0
149,0593a,0372b,0,-1,3,0,-3,2,1,-3,-2,0
150,0458b,1547c,0,0,2,0,0,0,1,0,0,0
151,0412b,0327a,0,1,2,0,-1,0,1,0,-1,0
152,0537a,0537c,1,-1,1,0,-1,0,0,-3,2,-1
153,1463a,0531c,0,2,-1,0,3,0,-1,0,0,0
154,1196a,1196b,1,1,4,1,3,0,2,1,-3,0
155,1155b,1155c,1,3,3,0,-2,-2,0,-1,1,0
156,1164a,1164b,1,-1,-2,0,-2,0,0,-1,-1,-1
157,1252b,1252c,1,3,2,0,4,2,1,-1,1,1
158,0592c,0885c,0,-1,-3,-1,-1,-2,-1,0,0,0
159,1319b,1319c,1,1,3,0,-3,0,-1,0,-1,1
160,1267a,1267b,1,2,-3,1,0,0,1,-1,0,0
161,1425c,0355a,0,2,0,0,1,0,0,-1,-1,0
162,1450b,1450a,1,-3,-1,0,0,0,0,0,1,0
163,1237a,1237c,1,1,1,0,0,0,1,0,-1,1
164,1131a,1131b,1,-2,0,0,-3,0,1,-1,-1,0
165,0403c,0950b,0,-2,4,1,2,0,-1,-1,-1,1
166,1153a,1153c,1,-2,0,0,-1,0,1,-1,1,-1
167,0496f,0496a,1,1,1,0,2,0,0,-1,1,1
168,1140a,1140b,1,1,1,0,0,0,1,2,-1,-1
169,1567b,0317a,0,-1,0,1,-3,0,0,0,-2,-1
170,0477a,1243a,0,1,-1,0,3,2,1,2,-1,1
171,0535a,0448b,0,-2,0,1,-1,-2,-1,-3,-1,-1
172,0544a,1260b,0,1,0,0,1,1,1,-1,1,0
173,0521a,1363c,0,-1,0,1,-1,0,-1,2,0,0
174,1300a,0373a,0,-1,0,-1,0,0,-2,1,0,-1
175,1374b,1374a,1,-2,0,0,1,0,0,1,2,1
176,0321a,0321b,1,1,0,0,3,0,0,0,0,1
177,0337a,1485a,0,-2,-1,0,0,2,0,0,0,0
178,0348a,0348b,1,2,0,1,0,0,-1,-1,4,0
179,1386b,1386c,1,0,0,0,-2,0,1,2,0,0
180,1475b,0569a,0,0,2,1,0,2,0,-3,0,0
181,1267c,1267a,1,-1,0,0,0,0,-1,0,-3,0
182,1371c,0576b,0,1,3,1,-2,0,-1,3,1,0
183,1447a,1447b,1,2,1,0,-3,0,0,3,0,0
184,1518c,1129c,0,-2,-3,0,0,2,1,3,-3,0
185,0923a,0516a,0,1,-1,0,2,0,-1,0,4,1
186,1533b,1091c,0,2,1,0,3,-1,1,-1,2,0
187,0458a,0402b,0,1,0,0,-2,0,1,-1,1,0
188,1336a,1336c,1,1,0,1,-3,0,1,0,-3,0
189,1254c,1254a,1,0,-2,1,-3,2,1,-1,-1,1
190,1391b,1487c,0,0,0,0,-1,2,-1,-1,1,1
191,1135b,0538a,0,1,1,0,0,1,0,-1,2,1
192,1234a,0927a,0,-1,0,0,1,2,0,-1,0,0
193,1129a,0377a,0,1,0,0,0,0,1,0,-3,0
194,0969a,0969c,1,-1,0,0,0,1,0,1,-2,-1
195,0445b,0445c,1,0,-1,0,3,0,0,1,-1,0
196,1378b,1448b,0,1,1,0,0,1,0,0,1,0
197,1254c,1254b,1,1,0,0,-3,2,0,-2,1,-1
198,1446a,1446c,1,-1,0,-1,3,0,0,-3,2,1
199,1144b,1329b,0,-1,-3,0,-3,0,-1,-2,-1,-1
200,1528c,1552b,0,0,-1,0,-2,0,0,2,-1,0
201,0583c,1152c,0,-1,-3,0,0,0,-2,1,-3,0
202,0593a,1443c,0,2,1,-1,0,0,2,2,-2,0
203,1234a,1234b,1,0,-1,0,0,-2,-1,0,-1,-1
204,1129c,1129b,1,0,0,0,-3,0,0,0,-1,0
205,0321c,1180a,0,0,0,0,-3,0,-1,1,1,0
206,1374b,0390a,0,0,-3,-1,1,0,-1,0,0,-1
207,1364b,1364a,1,1,1,1,-2,-2,0,-1,-1,0
208,0458a,1547c,0,-1,-1,1,-2,0,0,0,0,0
209,1329a,0304a,0,-1,-1,0,-3,0,0,0,-3,0
210,0489c,1383b,0,-1,0,0,3,0,0,0,2,1
211,1454b,1454a,1,0,0,1,0,0,-1,0,-1,-1
212,1538c,1538b,1,2,0,0,0,2,1,-1,-2,1
213,0597b,1501c,0,1,0,0,0,-2,0,-1,1,1
214,1561b,0525c,0,-2,1,0,1,0,-1,-1,-1,0
215,0321b,0380a,0,-2,-2,0,-3,0,-1,0,-3,-1
216,1483a,1567c,0,-1,3,1,0,0,-1,0,1,0
217,1123b,1426a,0,-3,0,0,2,0,0,0,-1,0
218,0313c,0313b,1,2,1,0,-2,-2,0,0,-1,0
219,0522b,0522c,1,1,1,0,-3,0,-1,0,-2,0
220,1534c,1534a,1,2,1,0,1,-1,0,-1,-3,0
221,0473a,0473c,1,0,-1,0,1,0,-1,-1,-1,0
222,1562b,0580b,0,1,-1,0,1,0,0,-1,1,1
223,0579a,1374c,0,0,0,0,0,0,-1,-2,3,0
224,1325a,1325c,1,0,-1,0,0,0,1,0,-3,-1
225,1123b,1123a,1,1,1,0,-1,0,-1,0,-2,1
226,1442b,1476c,0,0,0,0,-1,0,0,1,2,0
227,1463a,1134b,0,2,0,0,-1,1,2,3,-1,-1
228,1152b,1152a,1,0,0,0,-1,0,1,0,-2,1
229,0556b,0556c,1,0,0,0,0,0,0,2,-3,1
230,1197c,1197b,1,0,-1,0,0,-2,-1,0,1,-1
231,1475c,1197b,0,-1,1,0,-3,0,-1,-2,-1,-1
232,1494a,0319c,0,1,-1,0,3,0,2,0,2,-1
233,0597b,0327a,0,-2,-3,-1,0,0,-1,0,1,-1
234,1360b,0365a,0,0,0,0,1,0,2,2,-4,-1
235,0514c,0496e,0,-2,0,0,0,0,0,-1,-3,0
236,1227a,1227b,1,3,1,0,-1,-2,-2,3,0,0
237,1180b,1180c,1,-1,0,-2,-1,0,1,1,2,0
238,0570c,0411a,0,1,-4,0,2,0,-1,0,-1,0
239,0316a,0460b,0,0,-1,0,2,0,0,1,-3,0
240,1416a,1416c,1,-1,0,1,-3,0,0,-1,0,0
241,0457c,0457b,1,-1,-1,0,-3,0,-1,-1,0,0
242,0537a,1197c,0,0,0,-1,-2,0,-2,-3,-1,0
243,0597c,1411c,0,-1,-3,1,-2,-2,1,2,-1,-1
244,0375a,1294a,0,0,1,0,0,0,-1,0,1,0
245,1181c,0376c,0,3,3,0,-3,0,1,1,0,1
246,1447b,0450b,0,0,2,2,3,2,0,-2,0,0
247,0314c,0314a,1,0,0,-1,-2,0,1,0,0,0
248,1204a,1204b,1,-1,-1,0,3,0,-1,0,0,0
249,0551c,1254b,0,2,1,0,-2,-2,0,-1,-1,0
250,0561a,0396c,0,1,2,0,1,0,0,-2,1,0
251,1421a,1421b,1,0,-1,0,-1,-2,0,0,-2,0
252,1543a,1543c,1,0,3,1,-1,0,-1,1,0,0
253,0385c,1091a,0,-2,0,0,0,0,1,-1,-1,1
254,1475a,0324c,0,2,-4,1,-1,2,0,-3,0,1
255,1208a,1208c,1,-1,1,-1,1,2,1,-1,2,1
256,1491a,1491b,1,0,1,0,1,0,0,-1,0,0
257,1237b,1237c,1,1,0,-1,1,2,1,0,0,1
258,0333a,1309c,0,-1,-2,0,0,-2,-1,0,-1,-1
259,1284b,1284c,1,2,1,0,1,-1,1,1,-2,-1
260,0556a,0556c,1,-2,-2,0,-1,0,-2,2,-2,-1
261,1370a,1370b,1,0,-1,0,0,2,1,-1,3,0
262,0520a,1152c,0,-2,4,0,0,2,-1,1,-3,0
263,0381b,0381c,1,0,-2,0,-3,0,0,0,-1,0
264,1495b,1495c,1,1,-1,0,0,0,-2,1,1,-1
265,1329b,1430b,0,-1,1,0,2,0,0,-2,0,0
266,0333a,0376c,0,0,2,0,-2,0,1,0,1,0
267,1513b,1099a,0,1,0,0,-2,0,-1,0,3,0
268,0372b,1196a,0,2,3,0,-1,2,0,-1,1,1
269,1229c,1350a,0,1,-1,0,-3,0,1,1,-2,0
270,1517b,1517c,1,-2,0,0,-1,-2,0,-1,1,0
271,1497a,1497c,1,-1,-2,0,-1,0,0,-1,1,0
272,0317a,0317c,1,3,0,0,1,0,1,0,2,0
273,1303c,1303b,1,0,1,0,-2,2,2,0,-2,0
274,1362b,1362c,1,0,0,1,-3,0,-1,-1,-3,0
275,0969c,0969b,1,-2,1,0,-3,2,0,0,-1,1
276,0317c,0434a,0,0,-1,0,3,0,-1,-2,-2,1
277,1520c,0535b,0,-1,-3,0,-3,0,0,-2,1,0
278,0896a,0896c,1,1,4,0,2,0,1,2,-2,1
279,1489c,1538a,0,-2,1,0,2,2,-1,0,-2,0
280,0324b,0324a,1,0,1,1,1,-2,0,0,-1,0
281,1406a,1406c,1,-2,0,0,0,0,1,1,-2,-1
282,0492b,0492c,1,-2,-3,0,-3,0,0,0,1,0
283,0576c,0576b,1,0,-1,-1,0,-2,0,-1,4,1
284,0368c,1440b,0,-2,0,-1,-1,0,0,0,-2,0
285,0565a,0565c,1,1,1,0,-2,0,-1,-1,-3,0
286,0319a,1513c,0,1,0,0,2,0,0,0,0,1
287,1510b,1510a,1,-1,0,-2,2,2,-1,-1,0,0
288,1504b,1272a,0,-2,0,0,0,0,0,0,-3,0
289,0537a,0537b,1,1,3,0,-1,0,2,-3,1,0
290,0374c,0374a,1,0,0,0,-1,2,0,2,3,1
291,1406a,1406b,1,-1,-1,0,-2,0,-1,0,0,0
292,1393b,1393c,1,1,-1,0,-2,0,-1,1,-3,0
293,1521c,1521b,1,-2,-1,0,1,0,-1,0,-2,-1
294,1305a,1305c,1,-2,1,0,0,0,1,0,-1,0
295,1137a,1391a,0,-2,1,1,-1,0,-1,1,1,-1
296,1413a,1413b,1,-2,0,0,1,0,1,0,0,0
297,0563a,0353c,0,1,3,1,-1,0,0,1,0,0
298,0561a,1458b,0,-2,-3,0,0,0,-2,0,2,0
299,1528c,1335b,0,2,1,1,-1,2,1,2,-2,1
300,0477a,0477b,1,0,1,0,-1,0,1,0,0,0
301,1365a,1365b,1,1,0,0,-1,0,-2,-1,0,0
302,1119a,1119c,1,1,-1,0,2,2,0,-1,1,1
303,1221a,1221c,1,1,0,0,2,2,2,0,2,1
304,0585b,0585c,1,-1,-3,1,0,-1,0,0,3,0
305,0474c,0496a,0,-1,-4,0,-3,0,0,-1,-2,0
306,1236b,0553b,0,3,3,0,-3,0,0,1,2,1
307,1362a,1362c,1,-2,0,1,-2,-2,0,0,0,0
308,0600a,1471c,0,0,-1,1,3,0,1,0,-3,0
309,0355c,0355a,1,1,0,0,1,0,-1,-1,0,0
310,0565a,0565b,1,2,1,0,0,2,0,0,-1,1
311,0334a,1521c,0,1,0,0,-3,0,2,-2,1,0
312,1374b,0319b,0,-1,1,0,0,0,-1,-3,-2,0
313,0445c,0327c,0,0,-1,0,-2,0,-1,0,1,0
314,1458a,1336b,0,0,0,0,-2,2,2,-2,-1,0
315,1236c,1236b,1,1,-3,0,-2,0,1,-1,-1,0
316,1378a,1394b,0,1,-1,0,0,1,1,1,-1,-1
317,0403c,0366b,0,2,-1,0,0,0,0,0,2,0
318,1181b,1181c,1,1,1,0,0,0,0,0,3,0
319,1198b,0403a,0,-2,-3,1,1,0,-1,1,3,0
320,1286a,1286c,1,-1,1,0,-2,0,-2,-1,-4,-1
321,1219b,1328b,0,0,-2,1,-2,1,1,-3,0,0
322,0450c,0450b,1,-1,0,0,2,-2,0,-1,0,0
323,1153b,1153c,1,-3,-1,0,-3,0,-1,-3,-3,0
324,0507a,0544c,0,2,-1,0,2,0,1,-3,-2,0
325,0472b,0472a,1,1,-1,0,0,0,0,1,0,-1
326,0463a,0463b,1,1,0,0,0,0,0,1,-1,1
327,1267a,0431c,0,-1,-2,0,1,0,0,-1,0,1
328,1465b,1465c,1,-2,0,1,1,0,0,1,1,-1
329,1302b,1302c,1,-1,0,0,1,2,1,0,-1,0
330,0373b,1533a,0,2,3,0,0,-2,0,-1,3,1
331,1441b,1441c,1,0,0,0,3,0,0,0,-4,0
332,0405c,0375c,0,1,-3,1,2,2,-2,0,1,1
333,1370a,1370c,1,1,1,1,2,2,1,2,-2,0
334,1511b,0506b,0,-1,-3,0,0,0,0,-2,-1,0
335,1489a,1489b,1,1,-1,0,0,-2,1,-2,0,0
336,1374c,1374a,1,1,0,0,0,1,-1,1,-1,-1
337,0334c,0323b,0,0,0,-1,0,0,-1,-1,0,0
338,0350b,1507b,0,0,2,0,0,0,0,-1,-2,0
339,1309b,1366c,0,-1,-1,0,0,0,1,-1,3,0
340,1510a,0496c,0,-2,-1,0,-2,0,0,1,1,0
341,1302a,1302c,1,-1,-1,0,-1,0,0,-1,-2,0
342,1448a,1448c,1,1,-3,0,0,0,2,-1,0,0
343,0307b,1197c,0,2,0,0,2,2,1,0,3,0
344,1513b,1149c,0,-1,1,0,0,0,-1,0,-2,0
345,1508a,1508c,1,0,0,0,-2,0,-2,0,2,0
346,0327b,1140a,0,0,1,0,3,2,-1,0,-1,0
347,0969b,0330a,0,1,1,0,-1,0,0,2,-1,0
348,0381b,1255c,0,0,0,0,-1,0,1,-2,-2,0
349,1371c,1408c,0,0,-1,0,-1,0,-1,0,-1,0
350,0381a,0381c,1,1,4,0,2,0,1,0,2,0
351,0367a,1565a,0,-2,-3,0,3,0,-1,-1,0,-1
352,0374c,1131b,0,3,0,0,1,0,-1,-2,-2,0
353,0348b,0348c,1,0,-2,0,0,0,1,-2,0,0
354,1234b,1234c,1,0,-1,0,0,2,0,1,-2,-1
355,0458c,0322b,0,2,0,0,3,0,1,0,-1,1
356,1336a,1336b,1,-1,0,0,0,0,0,0,2,0
357,1440c,1440b,1,1,-1,0,0,0,-1,0,-3,0
358,1240b,1240c,1,1,3,1,3,0,1,-1,4,0
359,0324b,0324c,1,-1,-3,0,0,0,0,0,-3,0
360,1180a,1180b,1,0,0,0,-2,1,0,2,-3,-1
361,0597c,1208c,0,1,0,0,-2,0,-1,1,0,0
362,1194a,1348c,0,2,-3,0,-3,0,-1,2,-1,0
363,0873a,0873b,1,-2,-1,0,-3,0,0,0,2,0
364,1444a,1444b,1,-3,-3,0,0,0,-1,1,1,-1
365,1284a,0456c,0,2,4,0,3,2,0,0,1,1
366,1334c,0924b,0,-3,-3,0,2,0,0,1,3,0
367,1426c,1426a,1,-3,-1,0,1,0,0,-1,3,0
368,0451b,0455c,0,0,-1,0,-3,2,0,-3,1,0
369,1153b,0456b,0,-1,1,0,2,0,0,0,0,0
370,1374b,0489a,0,1,0,0,3,2,0,1,1,0
371,0600a,0600b,1,1,3,0,2,-2,1,-1,2,1
372,0531a,0365b,0,-1,-4,0,0,0,0,0,-1,0
373,1361b,0510c,0,1,3,0,-1,0,0,1,0,1
374,0323a,0323b,1,0,0,1,3,-1,-1,0,-3,-1
375,0348c,0911c,0,1,4,1,-2,0,-1,0,0,0
376,0472a,1181a,0,-1,1,0,1,0,0,-2,-1,0
377,1378b,0507a,0,0,0,0,-1,2,-2,-1,-3,1
378,1521a,1521c,1,0,0,1,3,0,0,0,1,0
379,1531c,1531a,1,0,-1,0,0,0,-1,3,-1,-1
380,1367b,1367c,1,2,1,0,-2,0,0,-1,-1,0
381,1463a,0445a,0,-2,-1,0,1,0,-1,-1,1,1
382,0333b,0333c,1,-1,0,1,1,0,-1,0,-3,-1
383,1361b,0403c,0,3,-1,0,-2,0,-1,0,0,0
384,0373a,0373c,1,-1,-1,0,-1,0,-1,-1,1,0
385,0441b,1191c,0,1,3,0,0,0,2,2,-2,0
386,1194a,1194c,1,1,3,0,2,-2,1,0,-1,1
387,0546c,0546b,1,2,0,0,3,1,0,1,-1,0
388,0458a,0381a,0,0,-1,0,-1,0,-1,1,2,0
389,0456c,0456a,1,3,-3,0,0,2,1,2,-2,1
390,0950a,0950b,1,-3,0,0,-1,0,-1,0,-4,0
391,1352b,1496a,0,2,0,0,3,0,1,0,4,1
392,1547a,1547b,1,0,-1,-1,-1,-2,0,-2,0,0
393,1402a,1402b,1,0,-1,-1,3,0,0,-1,3,0
394,1486b,1123a,0,-2,-4,0,-2,0,-1,-1,-1,0
395,0560a,0473a,0,1,4,0,2,0,1,1,1,1
396,0368b,0439a,0,2,-2,0,3,0,0,0,2,0
397,1144b,0349a,0,0,2,0,0,0,2,0,-3,-1
398,1137a,1137c,1,0,0,0,2,0,-1,0,0,0
399,1196b,1196c,1,-1,0,0,0,0,1,0,2,0
400,0431c,0431b,1,0,0,0,3,0,0,0,2,0
401,1155a,0434c,0,0,-3,1,1,-2,0,2,0,0
402,0421c,0421a,1,0,-3,0,1,0,0,0,-1,0
403,0491b,0491a,1,0,3,0,0,0,-1,-1,-2,0
404,0492a,0492c,1,0,0,0,0,0,-2,0,-2,0
405,1382a,1229c,0,2,1,0,-2,0,-1,-1,-3,0
406,1121b,1121c,1,1,0,0,-3,0,1,-1,-1,0
407,1463a,1463b,1,1,1,0,0,-2,-2,0,-1,-1
408,0367a,0365b,0,-1,0,0,-3,0,2,0,-1,1
409,1445a,1307a,0,0,3,0,0,2,0,0,4,1
410,0301b,1480c,0,2,-3,0,3,2,-1,0,-3,0
411,0550b,0550c,1,0,0,0,0,2,-1,0,1,1
412,0488c,0547c,0,-3,1,0,0,2,0,-3,3,0
413,1127a,1127c,1,0,-2,-1,-1,0,1,-1,3,1
414,1268a,1268c,1,0,0,0,1,0,-1,-1,0,1
415,1481b,1481c,1,1,-1,0,2,2,-1,1,-1,1
416,1255a,1255c,1,-2,-4,0,-2,0,-1,-3,-2,0
417,1504c,1504b,1,1,-1,0,0,0,-1,1,-1,0
418,1551b,1551c,1,1,-1,0,2,-1,-1,0,1,0
419,1370a,0562a,0,1,1,0,-1,0,-1,1,1,0
420,0496d,0496e,1,0,4,0,-2,-2,-1,1,0,0
421,1534b,1534a,1,-2,1,0,0,0,1,2,-1,-1
422,1481a,1481b,1,2,0,0,3,2,0,0,-3,0
423,0911b,0911c,1,-2,1,0,3,0,0,-3,1,0
424,0351c,0496c,0,1,-1,1,-1,0,0,0,-1,0
425,0569c,0569b,1,3,0,0,0,0,-1,0,0,1
426,0460b,0460c,1,-3,4,0,-3,0,0,0,-4,0
427,1174a,1374b,0,0,-2,0,-1,0,-1,1,-2,0
428,1344b,1344c,1,1,0,0,0,0,2,2,0,0
429,0321b,1328b,0,-1,0,0,-1,0,1,0,0,1
430,1373a,1273a,0,-1,-3,0,-3,0,1,0,1,0
431,0337a,0571c,0,0,-3,0,3,0,1,-3,0,0
432,0564a,0564b,1,1,3,-2,-3,0,0,0,1,0
433,1121a,0456b,0,1,0,0,-1,2,-1,1,-2,1
434,1513b,1513a,1,0,1,0,-3,0,0,-2,0,1
435,1381a,0368c,0,1,1,1,2,2,1,0,-2,1
436,0916a,0453c,0,0,0,0,3,0,-1,-2,-1,1
437,0311a,0357a,0,1,-3,0,-1,0,0,1,-2,-1
438,0469b,0469c,1,-3,0,0,-2,-2,1,0,2,0
439,0355b,0585c,0,-1,0,-1,0,2,-1,2,-3,0
440,1319a,0302a,0,-1,0,1,2,0,1,0,-2,-1
441,0916a,0457b,0,0,4,0,3,0,0,0,-4,0
442,0434c,0434a,1,-1,0,0,2,0,-1,-1,-2,-1
443,0593b,1196a,0,-3,1,0,3,2,0,1,-1,-1
444,0461a,0531a,0,1,-1,0,3,-2,1,-1,-1,0
445,1252c,1319c,0,1,1,0,1,0,-1,-3,-1,0
446,0518a,0518b,1,0,0,0,0,0,-1,1,0,0
447,1475b,0340a,0,1,-3,1,0,2,0,3,-2,0
448,0414a,1421b,0,2,0,0,0,0,1,-2,1,0
449,1533b,1406b,0,2,-1,1,-2,0,-1,2,0,0
450,0301a,0301c,1,2,4,0,-1,0,0,1,-3,-1
451,0350b,1465c,0,1,-4,0,0,2,0,2,1,0
452,0571a,0571c,1,3,2,0,3,0,0,0,3,0
453,0374b,0374a,1,-1,-1,1,-1,-2,-1,1,-2,-1
454,1131a,0340c,0,2,-3,0,3,-2,0,-1,1,0
455,1431a,1361a,0,2,0,0,0,2,1,2,1,1
456,1260a,1544a,0,1,0,-1,-1,0,1,-2,-1,0
457,1430b,0885c,0,-2,-3,0,-2,2,-1,0,-3,0
458,0324b,0350a,0,0,1,0,0,0,2,0,-2,0
459,0396c,0587a,0,1,0,0,0,2,0,0,3,1
460,0403c,0403a,1,1,0,-1,-1,0,-2,-2,-2,1
461,0550b,0392b,0,-1,3,1,-1,0,2,1,0,0
462,1363b,1363c,1,0,-1,0,0,0,-2,-1,-4,0
463,1289a,1289c,1,-1,1,0,-1,0,1,0,3,1
464,1475a,0562c,0,1,0,0,0,1,-1,0,1,0
465,0412b,1361a,0,0,-1,0,2,-1,1,1,0,1
466,1377a,1259a,0,-1,3,0,3,2,0,1,0,0
467,0459b,1221a,0,0,2,0,-4,0,0,1,-1,0
468,1471b,1417a,0,-2,0,0,0,2,-1,0,4,0
469,0376c,0376b,1,-2,0,0,0,0,0,0,2,0
470,0584a,0584b,1,0,1,0,-3,0,0,1,2,-1
471,0489b,0489a,1,3,2,1,-2,0,-2,1,-2,0
472,1341b,1341c,1,1,-1,0,0,0,0,-3,-1,-1
473,0301a,1501c,0,2,1,1,-1,2,2,-2,2,0
474,1364b,0532c,0,1,0,0,-3,0,-1,1,-2,-1
475,0458c,0521a,0,2,3,0,-3,0,-1,0,0,1
476,1517c,1551c,0,-1,-1,0,2,2,0,1,0,0
477,1458a,1458c,1,1,0,0,-3,0,0,1,1,0
478,1219a,0334b,0,2,2,0,3,2,0,1,1,0
479,0321b,1501c,0,1,1,-1,0,0,0,-1,0,0
480,1353b,0473c,0,2,4,0,-1,0,0,0,-1,0
481,1328b,1328c,1,1,0,-1,0,0,-1,1,-1,-1
482,0550a,1461c,0,2,1,0,3,2,0,0,-2,0
483,1416b,1416c,1,1,3,1,1,0,-1,0,1,0
484,1461c,1461a,1,-1,0,1,-1,-2,0,1,-2,-1
485,0587a,0587c,1,0,-1,0,-1,0,1,1,0,0
486,1477a,1477b,1,0,0,0,-2,2,0,1,2,1
487,0355c,0355b,1,-1,-3,0,0,0,-1,1,-2,-1
488,0405c,0563c,0,0,-1,-1,-3,2,-1,1,0,0
489,1417a,1348c,0,0,0,1,2,-1,0,-1,-2,0
490,1219a,1219b,1,-2,2,0,-2,0,-2,0,-2,0
491,0544b,0544a,1,2,-3,0,-1,0,0,3,0,0
492,1252a,1252b,1,1,-1,0,0,-1,-1,0,2,0
493,1371c,1343c,0,-1,0,-1,-1,-2,0,-1,0,-1
494,0331b,0331a,1,-3,0,1,2,2,1,0,-2,1
495,0429b,0457c,0,2,0,0,1,-1,1,-2,4,1
496,1510a,1460b,0,-1,0,-1,-1,0,-1,0,-1,0
497,1124c,0343c,0,3,0,0,0,0,0,1,-1,0
498,1463a,1460b,0,-1,1,1,-2,-2,-1,1,2,-1
499,1545a,1545c,1,1,-4,0,-1,0,0,-2,3,1
500,0536b,1325b,0,-1,0,1,-1,0,-1,0,0,0
501,0525a,0525c,1,-2,0,0,-3,0,0,0,1,0
502,0411c,0411a,1,2,3,1,0,0,0,-1,0,0
503,1344a,1344c,1,1,-4,0,-3,2,1,0,0,0
504,0355a,0355b,1,2,1,0,-1,0,2,2,2,1
505,0451a,1255c,0,-1,1,0,-3,0,0,-1,4,0
506,1334a,1153b,0,-2,3,0,0,2,0,0,1,1
507,0301a,0301b,1,1,-3,0,-3,0,1,0,1,0
508,1441a,1441b,1,0,0,1,0,0,0,-3,-2,0
509,1121a,1121c,1,0,-1,1,0,0,0,0,1,0
510,1320a,0491a,0,2,1,0,-2,0,0,0,1,0
511,1545a,1545b,1,-1,-3,0,3,0,-2,-1,-1,-1
512,1039c,1197c,0,0,0,0,-3,0,-1,-1,4,0
513,1230c,1230b,1,1,0,-1,-2,-2,-1,-1,2,-1
514,1237a,1237b,1,-1,-3,0,3,0,0,1,0,-1
515,1497c,0302b,0,0,-1,0,0,0,-1,1,1,0
516,0577a,0577b,1,2,4,0,-1,2,0,-1,-1,1
517,1451c,0359b,0,0,0,0,-1,0,0,0,-2,0
518,1543b,1543c,1,1,3,0,-3,0,-1,1,-1,0
519,0544a,0544c,1,2,0,1,0,2,-1,3,-1,1
520,1194a,1194b,1,2,-2,0,0,0,0,0,1,0
521,1091b,1217b,0,0,0,0,2,0,0,1,0,0
522,0350b,1099c,0,2,4,1,-3,0,0,3,1,0
523,0592b,0592c,1,0,-3,0,3,0,0,0,1,0
524,0496e,1273a,0,1,2,0,1,2,-1,1,2,1
525,1423a,0540a,0,0,1,0,-3,0,1,0,-3,0
526,0539b,0539c,1,-2,0,0,3,-2,1,-1,-1,0
527,0363a,0348b,0,1,0,0,0,-2,0,-3,2,0
528,0381b,0373a,0,3,-2,0,1,1,1,-1,2,0
529,1517c,1181c,0,-1,1,0,-1,0,-1,-1,0,0
530,0594b,0594c,1,1,2,0,0,0,0,1,-1,0
531,1363b,1363a,1,1,-4,-1,1,-2,-1,0,-1,-1
532,0924a,0924c,1,1,0,0,0,1,1,0,2,0
533,1429b,1429c,1,-2,-3,1,-3,0,1,0,1,0
534,1221c,1039a,0,-2,-1,0,0,0,-3,-3,-3,0
535,0555b,0555c,1,2,-1,0,-1,2,0,0,2,1
536,1430a,1430b,1,0,0,0,-3,0,-1,1,-1,0
537,1488a,0457a,0,1,-2,0,3,0,0,0,-2,0
538,1468b,1468c,1,0,4,-1,-3,0,2,-1,1,1
539,1181a,1181c,1,2,1,0,0,0,2,-1,2,1
540,1120b,1120c,1,-1,1,0,0,2,1,-1,2,1
541,1134a,0564a,0,1,-1,0,0,0,0,1,0,-1
542,1518c,0355c,0,-2,4,1,-2,2,-1,-3,0,0
543,1129a,0351a,0,-1,2,0,2,0,2,-1,0,0
544,1468a,1468b,1,0,-1,0,-4,0,2,0,-1,0
545,0414a,0414c,1,-1,0,-2,-3,-2,-1,1,-1,0
546,1320a,1320c,1,1,0,0,1,0,-1,0,-1,0
547,1255a,1549c,0,0,-2,0,-3,0,0,-1,0,0
548,1178a,1178c,1,-1,-3,1,-3,0,-2,0,-3,-1
549,0387b,0387a,1,0,0,0,3,-2,0,-2,0,0
550,1367a,1367c,1,-1,1,0,0,2,0,1,2,0
551,1488b,1356b,0,2,0,0,2,0,0,1,1,0
552,0385a,0401b,0,-2,0,-1,0,0,-1,-2,0,1
553,0531a,0381b,0,0,-3,0,0,0,0,0,0,0
554,1271b,1271c,1,1,0,0,2,0,1,-3,-2,0
555,0372b,1408b,0,2,0,0,0,0,0,-1,-2,0
556,1453b,1453c,1,1,0,0,0,0,0,-1,2,0
557,0338a,0449c,0,1,0,0,3,0,0,0,-2,0
558,1091b,1091c,1,0,0,-1,-3,2,1,0,0,0
559,0456b,0456c,1,0,-2,0,0,0,-1,2,-2,-1
560,0441b,0469a,0,-1,-1,1,-2,0,1,0,3,0
561,0374c,0927c,0,1,0,0,-1,0,0,-1,1,-1
562,0306a,0306b,1,1,-1,0,-2,2,-1,-1,0,0
563,1455a,1498a,0,1,0,0,-3,0,1,-1,-2,0
564,1227b,1303a,0,0,-4,1,0,0,-1,0,3,0
565,1367a,1367b,1,0,0,1,1,0,1,3,-1,0
566,1039c,1039a,1,-2,-1,0,0,1,-1,0,-3,0
567,1540b,1540c,1,-1,-1,0,0,0,0,0,-2,0
568,1302a,1344c,0,-3,-4,0,0,0,1,0,-4,0
569,1164c,1164b,1,-3,0,0,0,-1,2,0,-1,0
570,0507a,0507c,1,3,0,-1,0,1,0,-1,1,1
571,0424a,0477a,0,0,0,0,0,2,0,1,0,0
572,0473a,0911c,0,-3,-1,0,0,0,-1,1,-2,0
573,1197a,0924c,0,0,1,0,3,1,0,1,2,0
574,1498a,1498b,1,1,-1,0,-2,2,2,-1,0,1
575,1458a,1458b,1,-2,-4,-1,-3,-2,-1,-3,-2,-1
576,1294a,1294c,1,-1,0,0,0,2,-1,-1,-2,0
577,0555c,0555a,1,-1,0,0,3,-2,-1,-1,3,0
578,0544a,0353c,0,1,0,0,2,0,2,0,0,1
579,1257a,0451b,0,2,-1,0,-3,1,0,0,2,0
580,0314c,0421a,0,-2,3,0,-2,0,-1,-3,-2,0
581,0525a,0525b,1,2,0,-1,1,0,0,-1,0,1
582,1286b,1286c,1,0,3,0,-2,0,1,-1,-2,0
583,1296c,0445c,0,2,0,0,1,0,0,1,1,0
584,1131a,1178a,0,0,0,-1,0,2,1,-3,-1,0
585,1429b,1429a,1,1,0,0,0,0,0,-1,3,0
586,0431c,0434c,0,0,2,0,3,0,0,1,-4,0
587,1511b,1511c,1,1,-1,0,-2,0,1,0,0,1
588,1492a,1492c,1,1,0,0,0,-2,0,-1,-1,1
589,1090a,1475c,0,0,-1,0,-2,-2,0,-1,-3,0
590,0561a,0561b,1,1,-3,0,0,0,0,1,-2,0
591,0537c,0521c,0,1,0,0,0,0,-1,-3,0,-1
592,0337a,0337b,1,-1,3,0,0,0,0,-3,1,0
593,0531a,0531c,1,2,0,0,-1,0,0,0,3,0
594,0334c,1409b,0,2,-1,0,2,2,-1,1,-1,1
595,0333b,0333a,1,-2,-2,0,2,0,-1,2,-1,-1
596,1486a,0301b,0,1,-1,0,0,0,0,-1,0,0
597,1329b,1254b,0,-1,0,1,1,0,0,2,-3,0
598,1455a,1455c,1,-1,-3,1,0,0,-1,0,-3,0
599,1405b,0435b,0,0,-1,0,3,0,0,-1,0,-1
600,0348c,1409c,0,1,0,0,2,0,0,0,0,0
601,1229c,1377a,0,0,2,1,3,0,0,1,2,0
602,0503a,1330a,0,0,0,0,2,1,0,3,-3,0
603,0518a,0866c,0,2,-1,0,-2,0,1,-1,0,0
604,1463a,1413c,0,2,-1,0,3,0,1,-1,2,1
605,1180a,1393a,0,-3,1,0,0,0,1,1,2,0
606,1499b,1499c,1,0,-1,-1,2,1,1,-1,-1,0
607,1229b,1119a,0,2,0,0,2,0,0,0,0,1
608,0536a,1267a,0,-2,-1,0,3,0,-1,0,-1,0
609,1180c,1496c,0,0,2,1,-1,2,0,2,-1,0
610,1386a,1451c,0,1,-2,0,-3,2,0,1,-1,0
611,1267a,0412b,0,3,4,-1,1,0,0,-1,1,1
612,1492a,1521c,0,1,-1,1,-1,0,1,-2,2,0
613,1504c,1504a,1,3,2,0,3,0,0,-1,2,1
614,1255b,1255c,1,1,-2,0,0,2,0,-1,0,1
615,1367a,0324b,0,3,1,-1,1,0,1,1,2,1
616,0372a,0522b,0,0,1,0,2,0,1,1,-2,-1
617,0374b,0374c,1,0,-3,0,3,0,-2,0,2,0
618,1411a,1411b,1,0,-1,0,0,2,1,-2,-1,0
619,1131a,0324b,0,1,0,-1,0,0,1,-1,3,0
620,0350b,0496e,0,2,-1,1,-4,0,1,1,-1,0
621,1201b,0859a,0,2,0,-1,2,2,0,-2,-1,1
622,1409c,1064c,0,2,0,0,0,2,1,2,2,1
623,0367a,1486a,0,-1,0,0,0,0,-1,-1,-3,0
624,1531b,1531c,1,2,-1,0,0,0,-1,0,2,0
625,0357b,0357c,1,-1,1,0,-2,0,0,0,0,-1
626,0313b,1194b,0,0,3,0,0,0,0,-1,-2,0
627,1368b,1358a,0,2,-3,0,-3,2,2,-1,1,0
628,0385c,0385a,1,1,0,0,-3,0,0,-1,-3,0
629,0471c,0358b,0,-2,0,0,3,0,1,1,-2,0
630,1394a,1394c,1,-2,-2,1,1,0,0,1,-2,-1
631,0302c,0302b,1,-1,0,1,1,2,1,0,-2,0
632,1490c,1490b,1,1,4,0,-1,-2,-1,1,-4,0
633,1197a,1197c,1,0,1,1,3,2,1,-2,0,0
634,0363b,1508c,0,1,-1,1,2,2,0,0,0,1
635,1309a,0539a,0,0,-3,-1,3,-1,-1,0,0,0
636,0531b,0531c,1,0,1,1,0,-3,1,-2,1,0
637,1458b,1458c,1,-1,1,0,-3,0,0,-1,0,0
638,0544a,1405c,0,-1,-2,1,-1,0,0,0,2,1
639,1302a,1237b,0,-2,1,-2,0,2,0,-3,1,0
640,0595c,0374a,0,-2,1,-1,-2,2,0,-1,-2,0
641,0474b,0474c,1,-2,1,1,1,0,0,0,0,0
642,0475a,1219c,0,0,-2,1,-2,-2,0,3,-1,0
643,1442b,1442c,1,-1,1,0,-1,0,-1,-2,-1,-1
644,0458a,0458b,1,-2,-1,1,0,0,-1,0,-2,-1
645,1361a,0473b,0,0,-1,0,-1,0,0,-1,-3,0
646,0331a,1319c,0,1,3,-1,0,2,1,-1,2,1
647,1124c,0375b,0,-1,-1,1,3,2,-1,-1,2,0
648,0485b,0373c,0,0,0,0,-3,-2,-1,0,0,0
649,0381c,1532a,0,1,3,0,-2,2,-1,-1,4,1
650,1447a,1447c,1,-1,3,0,0,1,-1,-1,-3,0
651,1488c,1488b,1,1,-3,0,3,0,1,-1,-1,0
652,0445a,0387b,0,-1,0,1,0,0,-1,0,-1,-1
653,0459b,0516a,0,-1,-3,0,0,0,0,1,1,0
654,1330a,0506b,0,0,-1,0,3,0,0,-1,2,0
655,0459b,1308c,0,0,1,0,0,0,-1,0,0,0
656,1480c,1197b,0,0,-3,0,2,0,-1,1,-2,0
657,0556a,0556b,1,-1,-4,0,2,0,1,0,2,0
658,1551a,1551c,1,1,0,0,0,-1,0,-1,1,1
659,0563a,0563c,1,1,-1,0,0,0,0,0,1,1
660,0510c,0510b,1,0,0,0,0,-2,1,-2,1,1
661,1461a,1360c,0,1,-3,0,2,2,1,0,-2,0
662,1375a,1350a,0,1,2,0,0,0,-1,1,3,0
663,1417c,1417a,1,1,0,0,-2,0,0,0,0,0
664,1518c,1518a,1,1,3,1,-2,0,-1,2,-1,0
665,0372b,0489a,0,0,3,1,-1,0,0,0,-1,-1
666,1366b,1366c,1,-1,0,0,0,0,-1,0,-3,0
667,1129c,1129a,1,1,-2,0,-2,0,-1,0,-2,-1
668,0516a,0549c,0,-1,-2,1,0,0,0,3,-1,-1
669,0431c,0431a,1,1,4,0,1,1,1,0,-1,0
670,1352b,1352a,1,0,0,0,0,0,1,-2,2,1
671,0340a,0324c,0,-1,-2,0,0,0,-1,-1,-1,0
672,0333a,1271b,0,2,1,0,3,0,0,0,1,1
673,0539a,0539c,1,-1,0,0,-3,-2,0,-1,-1,1
674,0311a,0311c,1,-1,-3,0,3,0,0,-1,-1,0
675,1447b,1447c,1,3,2,0,0,2,1,2,2,1
676,1538a,1538c,1,1,0,0,1,0,0,1,-2,1
677,1411b,1411c,1,0,3,0,2,0,0,1,1,1
678,0587b,0587c,1,0,1,0,-2,0,1,1,0,1
679,1424a,1424b,1,-1,-1,1,3,0,-1,1,-2,-1
680,0927a,0927c,1,2,-1,0,-1,0,0,1,-1,0
681,0531a,1171a,0,-1,0,1,-1,-1,0,-3,0,0
682,0550b,1521b,0,-2,-3,0,2,0,0,0,-1,0
683,1391c,1454a,0,-2,0,-1,-1,1,-1,-1,-3,0
684,1430a,1430c,1,-1,-2,-1,-3,-2,-1,-2,-1,0
685,0569a,0302a,0,0,0,0,-3,-2,-1,-1,-2,0
686,0552a,0552c,1,-1,3,0,2,0,2,-3,-1,0
687,1377b,1377c,1,-1,1,1,2,2,-1,0,0,0
688,1282b,1282c,1,1,0,0,0,0,0,-1,2,0
689,0592b,1286a,0,0,1,0,2,0,0,2,-2,1
690,1493a,1493b,1,-1,1,-1,-3,0,-1,-1,-1,-1
691,1360a,1360c,1,0,-3,0,-3,0,0,3,-4,0
692,1144c,1552a,0,3,2,1,-3,0,2,1,1,0
693,1144c,1099c,0,1,0,0,3,0,0,1,-4,0
694,0334b,0334c,1,-1,1,0,3,0,0,-3,-2,0
695,1450b,1450c,1,-1,-3,0,2,0,-1,1,0,-1
696,1476a,1476c,1,0,0,0,-1,0,-2,0,-1,0
697,1300a,1300b,1,-1,-4,-1,-2,0,-2,-2,0,0
698,1371c,1099a,0,0,3,0,0,-2,-1,-3,-1,0
699,1446a,1446b,1,-3,0,0,0,0,0,-1,1,0
700,1334c,0564a,0,-1,-3,0,-3,0,0,0,-2,0
701,1443c,1091a,0,0,0,0,2,2,-1,0,-2,1
702,0456b,0563a,0,-3,2,0,3,0,2,0,3,0
703,0530a,0463b,0,0,0,0,-2,0,0,-1,-3,0
704,0375a,1194b,0,0,0,0,0,0,1,-3,-1,0
705,1454b,1454c,1,-2,-3,0,-3,0,0,-1,0,0
706,1260b,1260c,1,0,1,-1,0,-2,1,-1,-3,-1
707,1546c,1546a,1,0,1,0,0,0,0,0,-1,-1
708,0927b,0927c,1,0,-1,0,-1,-1,0,0,-1,0
709,0401b,0597a,0,1,0,1,-2,0,0,3,2,0
710,1533c,1533a,1,-1,0,0,0,0,0,-1,-2,0
711,0475a,0390c,0,2,0,0,0,-2,0,-1,-3,0
712,0405b,0385c,0,-2,-3,0,2,-2,1,1,1,-1
713,1429a,1308c,0,3,-3,0,0,0,1,-1,1,0
714,1229c,1254a,0,-1,-4,-1,1,0,-2,0,-1,-1
715,1489c,0560c,0,1,0,0,1,2,0,1,-2,0
716,0445a,0445b,1,-1,1,0,3,1,0,3,1,0
717,1463a,1463c,1,-1,-2,0,-3,1,0,-1,1,0
718,1531b,1335c,0,-1,3,0,-1,0,0,-1,0,1
719,0317b,0317c,1,1,1,0,1,0,1,-1,-2,0
720,0859a,0375b,0,0,0,0,-3,0,2,-2,-2,0
721,1229b,1229c,1,-2,-2,1,2,0,-1,0,0,-1
722,1455b,1455c,1,-1,-3,-1,1,2,-1,1,-3,-1
723,0434b,0434a,1,-1,1,-1,-4,-1,0,-1,-3,0
724,1360b,1360c,1,-2,-3,0,1,0,-1,-2,-1,0
725,1538a,0440c,0,1,-1,0,0,0,0,0,2,0
726,0313c,0373a,0,-1,-3,0,-3,0,-1,1,-2,0
727,0351c,0351a,1,-2,0,0,3,0,-1,0,3,0
728,0471b,0471c,1,1,0,0,-3,0,0,0,-1,0
729,1352b,0306b,0,-1,0,0,-1,1,0,1,-3,1
730,1120a,1489c,0,0,0,0,-3,0,3,0,1,0
731,1365c,1365a,1,1,-1,0,0,0,2,-3,-1,0
732,1543a,1543b,1,0,-4,0,3,2,0,-3,1,0
733,1329a,1329b,1,-1,0,0,1,2,-1,-1,2,1
734,1307b,1447b,0,0,0,0,0,0,-1,0,2,1
735,0338b,0338c,1,0,1,0,1,0,-1,-2,-2,-1
736,1444b,0401b,0,0,1,-1,2,0,1,1,-3,0
737,0404c,0401b,0,-1,0,0,0,0,1,2,2,1
738,1552a,1504a,0,0,0,0,-3,-2,-1,0,0,0
739,1245c,1465b,0,-1,0,0,-3,0,-1,1,-1,-1
740,1254a,1254b,1,1,0,1,-2,0,-1,1,0,0
741,1465a,1465c,1,3,1,0,0,0,0,-1,-1,0
742,1432a,0461b,0,0,0,0,-3,-2,-1,0,0,0
743,1302a,1302b,1,-1,-3,0,-2,0,-1,0,0,-1
744,1382c,1382a,1,-2,0,1,-1,0,0,0,-2,-1
745,1267a,0429b,0,-1,1,0,1,1,0,0,3,0
746,1307a,1307b,1,0,0,0,-1,0,1,-1,0,1
747,1174a,1174b,1,1,-1,0,2,0,0,-2,1,0
748,0540a,0540c,1,0,1,1,-2,0,1,0,0,0
749,0405c,0405b,1,-1,-2,0,-2,-2,-1,-3,-3,0
750,0472a,0381b,0,0,1,1,0,-1,1,0,3,0
751,1552a,1471c,0,-2,0,0,1,0,0,-1,0,0
752,0532b,0532c,1,-1,1,0,-3,2,0,1,-1,0
753,0516a,0315a,0,-1,0,0,3,0,-1,-3,-1,0
754,1309b,0372a,0,-1,0,0,-1,0,-1,-2,-1,0
755,0445c,1497c,0,1,-1,0,-1,0,-2,0,-1,1
756,0350c,0350a,1,2,1,0,-1,0,0,-2,0,-1
757,0562a,1358c,0,0,-4,-1,-3,0,0,1,3,0
758,1483a,0969a,0,0,1,0,3,0,1,-1,-3,0
759,1426b,1426c,1,-1,1,-1,-2,-1,1,0,2,0
760,1531c,1147c,0,-1,0,0,2,0,0,0,-2,-1
761,1554b,1554c,1,2,1,0,0,0,1,-1,1,0
762,0570c,1405b,0,1,-1,0,3,1,1,-1,1,0
763,0506b,1103a,0,-3,0,-1,-1,-1,0,0,0,0
764,0471a,0471b,1,-2,1,0,3,0,0,-1,-2,1
765,0323c,1125b,0,0,0,0,-1,-1,-1,-2,-1,0
766,0381b,0411b,0,-1,0,0,3,0,0,0,-1,1
767,0344c,0357c,0,-1,0,1,-1,0,0,-1,-1,0
768,0434b,0434c,1,1,0,0,-1,2,0,3,4,0
769,1531c,0316b,0,-1,0,0,0,0,-1,0,0,0
770,1497a,1497b,1,2,1,0,2,-1,1,-3,4,0
771,1471b,1471c,1,0,0,0,-3,-2,-1,-1,1,0
772,1426c,0469c,0,1,2,0,0,2,0,3,-3,0
773,1123c,1123a,1,-1,0,0,0,-3,1,-2,1,-1
774,1510b,0544a,0,-2,0,0,-1,2,-1,-1,2,0
775,1520c,0396b,0,2,3,0,2,0,0,-2,0,0
776,1540c,1485c,0,1,0,0,-2,0,1,0,3,0
777,1497b,1497c,1,-3,-2,0,-3,0,-1,-1,-2,0
778,0351a,0351b,1,0,4,0,0,-2,0,-3,0,0
779,1446b,1446c,1,1,-1,1,0,0,1,3,-1,0
780,0593a,0593b,1,2,0,0,1,0,2,0,-1,0
781,1253a,1253c,1,-1,-3,0,1,0,-1,-1,-1,-1
782,0491b,1146c,0,0,3,0,0,0,1,0,-2,0
783,1129a,1129b,1,-1,0,0,3,0,0,-1,2,0
784,0301b,1208a,0,0,-4,0,0,0,-1,0,1,0
785,0969a,0885c,0,1,2,0,3,2,-1,1,0,0
786,1091b,0340b,0,1,0,0,0,0,0,0,-4,0
787,1494a,1494c,1,3,0,0,-1,0,1,2,-2,1
788,1429c,1429a,1,-2,0,0,0,0,2,-1,2,0
789,1361b,1547a,0,-2,-1,1,-1,0,-1,1,-3,0
790,0322b,0324a,0,-1,1,0,0,0,-1,0,-3,0
791,0333c,0333a,1,2,0,0,1,0,-1,0,0,0
792,0359b,1311c,0,-1,-1,1,-2,0,0,1,-1,0
793,1144c,1226c,0,1,0,0,3,0,0,0,0,0
794,0367b,0367c,1,0,-3,0,0,0,0,0,-3,0
795,1329b,1329c,1,0,1,1,-2,-2,0,-3,-1,0
796,1302a,0492b,0,3,3,0,-3,0,0,0,-1,0
797,0334a,0334b,1,-2,0,-1,-3,2,1,-2,-2,0
798,1164c,1485b,0,1,1,1,3,2,0,2,-1,0
799,1176b,1176a,1,1,0,0,2,0,1,1,0,1
800,1362a,1362b,1,-1,3,-2,-2,0,0,-3,-2,0
801,0560a,0938b,0,1,0,0,0,-2,1,0,-2,-1
802,1152a,1152c,1,0,-1,-1,-3,-3,-1,-1,-2,0
803,1309a,1146a,0,0,3,0,2,0,0,1,1,1
804,0575c,1540c,0,1,1,0,-1,0,0,0,-1,0
805,0587a,0517b,0,1,0,0,0,2,0,-1,2,0
806,1383b,1383c,1,1,3,0,3,-2,1,-1,-1,1
807,1176b,0595c,0,-1,0,0,0,2,0,0,-1,0
808,1123b,1494c,0,-1,0,0,-1,-1,1,-3,2,0
809,1382c,1433a,0,3,-2,-1,-4,0,0,1,1,0
810,0363b,0567b,0,0,4,0,2,0,-1,0,-1,0
811,1485a,1377c,0,0,-2,1,0,0,0,1,-1,0
812,1475b,1475c,1,-1,1,0,3,0,0,0,2,0
813,1552a,1552c,1,2,-1,-1,-4,0,1,1,0,0
814,0368b,0368c,1,1,0,0,0,0,0,0,-4,0
815,0335a,0335c,1,-1,0,0,-3,0,1,1,0,-1
816,0413a,0507c,0,3,0,0,-1,0,0,0,0,0
817,0353a,0924b,0,0,-1,0,2,0,1,-1,1,1
818,0365b,0365c,1,2,-2,0,3,2,1,-1,2,1
819,0597c,0597b,1,1,0,0,-1,0,0,0,0,0
820,0924b,0924c,1,2,-1,0,3,2,0,2,-3,0
821,1475a,1475c,1,1,1,0,-1,-2,2,-1,-1,0
822,0546c,1383c,0,0,-1,0,0,0,1,-3,-1,0
823,0584b,0584c,1,-1,-1,0,0,0,0,-3,2,0
824,1129c,1209c,0,1,-1,0,-3,0,1,-1,0,0
825,1386a,1386c,1,-1,-1,0,0,1,-2,3,0,0
826,0593b,0593c,1,-1,0,0,0,0,0,-1,3,0
827,1268a,1562b,0,2,0,0,-4,2,1,1,1,-1
828,1365c,1365b,1,-1,1,0,3,0,0,1,0,0
829,1358a,1358c,1,-2,-4,0,-3,0,0,1,1,0
830,1520c,0353b,0,-1,1,1,-1,0,2,0,0,0
831,1360b,1257b,0,-1,-1,0,0,0,1,-2,1,1
832,0337a,1450b,0,1,0,0,0,0,-1,-1,1,0
833,1520a,1546b,0,-1,0,0,-3,0,-1,-1,-2,-1
834,1268a,1268b,1,-1,0,0,3,0,0,-1,0,0
835,0319a,0453c,0,1,-4,0,-3,2,0,3,1,0
836,1414b,1414c,1,0,1,-1,1,0,-1,-2,3,1
837,1547a,1547c,1,-3,1,1,-1,0,0,0,1,0
838,0496c,0496a,1,1,1,1,3,2,0,-3,2,0
839,0517b,0517a,1,2,-1,1,0,0,0,3,-2,0
840,1453a,1453b,1,2,-1,0,-2,2,0,2,1,1
841,1329a,1329c,1,-3,0,0,-3,0,0,-1,1,0
842,0353b,0353c,1,0,0,0,3,0,-1,1,0,0
843,1493a,0488b,0,1,2,0,-3,0,1,2,-2,0
844,1417b,1417a,1,-1,2,1,-2,0,-1,2,3,0
845,0521a,0521c,1,0,-3,0,-1,2,-1,1,0,-1
846,1433a,1433b,1,0,-3,0,-1,-1,1,0,-1,0
847,1120a,1120b,1,2,0,0,-1,0,2,1,-1,0
848,1488a,1488c,1,-1,0,1,1,0,0,0,-1,0
849,1432c,1432a,1,1,1,0,0,0,0,1,-1,0
850,0472a,0472c,1,0,4,0,0,0,0,0,0,0
851,1497c,1140b,0,-2,0,0,0,2,0,1,1,0
852,1149c,0350c,0,1,1,0,3,2,-1,0,-2,0
853,1344a,1344b,1,3,0,2,1,0,2,0,4,0
854,1253c,0323c,0,1,-1,1,-1,0,0,0,2,0
855,1545a,0537a,0,1,0,1,1,0,2,-1,1,0
856,0594c,0555a,0,-1,0,0,0,-1,1,-2,1,1
857,1149a,0321a,0,2,0,0,-1,0,0,0,0,-1
858,0414a,0429b,0,-1,1,-1,2,2,0,1,-3,-1
859,0492a,1240c,0,0,-1,0,0,0,-1,-2,2,0
860,1544a,1377c,0,2,-1,0,-1,0,1,0,3,0
861,1127a,1127b,1,0,-2,0,0,0,0,-1,-3,0
862,0567b,0474b,0,0,-1,0,0,0,0,0,3,1
863,0537c,1309c,0,1,1,0,3,-2,0,0,-2,0
864,1465a,1234b,0,1,2,0,-4,-2,-1,0,0,0
865,1366a,1366c,1,-1,0,0,3,0,0,0,-2,0
866,1129c,1360a,0,1,0,0,3,0,1,0,1,0
867,1495a,1495b,1,1,0,-1,2,0,-1,1,2,0
868,1545a,1267b,0,-2,-3,0,1,0,1,-1,1,0
869,1193a,0593c,0,-1,1,0,2,0,0,0,1,0
870,1504b,0315b,0,0,0,0,-3,-1,1,-1,0,1
871,1485a,1485c,1,2,0,0,-1,0,-1,3,0,1
872,1272a,0866c,0,0,-1,0,2,2,1,1,0,0
873,0440b,1198a,0,-1,-4,1,-2,0,1,0,2,0
874,1036b,1036c,1,-2,3,0,-1,0,-1,-2,-1,0
875,1350a,1350c,1,2,2,0,3,2,0,-1,1,0
876,0969a,1377c,0,1,1,0,1,0,0,0,-3,0
877,1533b,1533a,1,3,0,0,-1,-1,0,-1,-1,1
878,1433b,1433c,1,0,1,1,0,-2,0,1,-4,-1
879,1451a,1451b,1,0,4,1,0,0,1,1,0,0
880,1320b,1320c,1,-1,0,0,3,0,0,-1,1,0
881,0337a,1533a,0,-1,0,-1,-1,0,1,-3,0,0
882,1377a,1377b,1,-1,0,0,1,0,1,0,-1,0
883,0307a,1411c,0,0,-3,0,2,0,0,1,-4,0
884,1445a,1445b,1,2,2,0,-2,-1,-1,-1,1,0
885,1180a,1180c,1,-1,-3,0,0,0,-1,1,0,-1
886,0313c,1378a,0,-1,0,0,0,0,0,1,-1,1
887,1405b,1405c,1,1,3,0,0,2,0,0,-1,1
888,0350b,0350c,1,0,0,0,2,-2,-1,-1,3,0
889,1451b,1549c,0,2,4,0,0,2,1,0,2,1
890,0584a,0584c,1,0,-1,0,-1,0,0,0,-3,0
891,1320a,1320b,1,-3,0,0,0,0,-1,1,-3,0
892,1240b,1408a,0,0,-3,0,-1,0,1,0,1,0
893,1416b,1416a,1,1,1,0,0,0,-1,-1,0,-1
894,1520c,0521b,0,-2,1,0,0,0,-1,2,-1,0
895,0597b,0597a,1,3,-1,0,-1,0,1,2,1,1
896,1518c,1442b,0,0,-4,0,0,2,-1,1,0,-1
897,1273a,0311c,0,-1,1,0,-1,2,1,0,-1,1
898,0535a,0535c,1,1,0,0,0,0,1,-1,3,1
899,1329b,1335c,0,-2,0,0,1,1,0,0,-1,0
900,0471b,1363a,0,-3,0,1,0,2,-1,1,3,0
901,0564a,0564c,1,-1,0,0,-3,0,-1,1,-2,0
902,0373a,0373b,1,0,3,0,0,0,-1,-2,1,1
903,0579a,1129b,0,0,-1,0,2,2,1,3,-2,0
904,1565a,1565c,1,1,0,0,0,0,0,-1,3,0
905,0571b,1495a,0,1,4,0,1,0,1,-1,1,0
906,1565b,1565c,1,1,-1,0,-3,0,-1,0,-1,0
907,1424b,1424c,1,0,3,0,0,-1,0,0,-1,0
908,0562a,0313b,0,1,-1,0,2,0,-1,0,3,0
909,1391b,1208c,0,0,1,0,-1,0,1,0,2,1
910,0301b,0301c,1,0,-4,0,3,0,0,-1,3,0
911,1424a,1538a,0,0,-2,0,0,0,1,0,1,0
912,1358a,1358b,1,1,4,0,-3,0,0,0,1,0
913,1323a,1212c,0,-2,0,0,-3,2,-1,1,-1,1
914,0338a,1129b,0,1,-1,0,-1,0,0,1,0,-1
915,0337a,0337c,1,1,-1,1,1,0,-1,1,2,0
916,0535a,0535b,1,1,0,0,-2,0,0,-1,4,0
917,0372b,1087a,0,-2,-1,0,-2,2,0,0,0,0
918,1512b,0538b,0,-1,0,0,0,0,1,-1,-1,1
919,1201b,1271a,0,1,-3,2,3,0,0,-2,-1,0
920,1494a,1494b,1,1,3,0,3,0,0,-2,0,1
921,1352b,1352c,1,-1,-3,0,3,0,0,1,1,0
922,1507b,1099c,0,2,1,0,3,0,2,0,-2,0
923,1432c,1460b,0,0,1,1,2,0,0,0,1,0
924,1409a,0410c,0,1,-1,0,0,2,-1,-1,0,1
925,1140c,1567b,0,-1,-1,0,-3,0,-1,0,-2,0
926,0445a,0445c,1,-3,-2,0,0,0,0,-3,0,0
927,1307a,1502b,0,0,-1,0,-2,0,0,2,1,-1
928,1551a,1122a,0,-2,-1,-1,-2,0,-1,-1,0,0
929,1219a,1219c,1,1,1,0,3,0,-1,0,-1,0
930,0576c,1477a,0,2,0,0,0,0,1,-2,3,1
931,1137a,1137b,1,1,4,0,3,0,-1,0,-4,0
932,0374c,1426a,0,0,-3,0,-2,0,-1,-3,1,0
933,0306b,1367a,0,-2,0,0,-3,0,0,1,-1,0
934,0587a,1165c,0,0,-1,0,-2,2,1,2,1,0
935,1490b,1562b,0,0,-2,0,3,2,-1,0,0,0
936,1309b,1309c,1,-2,-1,0,-2,0,-2,0,-2,0
937,0366a,0366b,1,0,-3,0,0,-2,0,-1,2,0
938,0375a,1405b,0,0,3,0,3,0,-1,1,-2,0
939,1224c,0911c,0,1,-2,0,0,2,-1,1,0,0
940,0924a,0924b,1,1,0,-1,3,2,-1,-1,1,1
941,1381a,0401c,0,-1,1,0,-3,0,1,-2,1,0
942,1319a,1319b,1,1,1,1,-3,-2,0,3,1,0
943,1328a,1328c,1,-2,-1,0,3,0,0,-1,-3,1
944,0458c,0458b,1,1,4,0,2,0,0,0,-4,0
945,1364b,0555b,0,0,1,1,3,0,0,0,-1,0
946,1149a,1149b,1,-1,-3,0,-3,0,0,-3,1,0
947,1323a,1323b,1,-1,0,0,-1,2,1,-2,2,1
948,0375a,0375c,1,0,1,0,-1,0,-1,-1,2,1
949,1230a,1230c,1,1,0,0,1,0,0,-1,0,1
950,0307a,0307c,1,2,0,0,3,2,0,0,4,0
951,0471c,1198b,0,-3,0,-1,-3,0,-1,-2,-2,-1
952,1495a,1495c,1,1,3,0,0,0,1,0,1,0
953,1476a,1495a,0,1,3,1,-2,0,2,1,0,0
954,1164c,1336a,0,-1,0,1,-2,-1,-1,-2,1,0
955,0551c,0593c,0,2,1,0,2,0,0,-1,0,0
956,0593a,0593c,1,0,3,0,0,0,3,0,-2,0
957,0552b,0552c,1,-1,4,0,-2,0,1,-1,2,0
958,1552b,1552c,1,-2,-1,0,-4,2,0,1,3,0
959,0496e,0431a,0,1,1,0,-3,0,0,1,-3,0
960,0536b,1501c,0,2,-1,1,-3,0,0,0,1,1
961,0496f,0496c,1,-1,0,2,2,2,0,-3,-1,1
962,0547a,0547c,1,0,0,0,-1,0,0,0,0,0
963,1454a,0892a,0,0,1,1,-2,0,-1,0,-4,0
964,1255a,1255b,1,0,0,0,-1,0,1,3,-1,1
965,0596a,1123b,0,0,3,0,-1,2,1,-2,1,1
966,1361b,1361a,1,-1,-3,0,-1,-2,-1,2,-3,-1
967,0363b,0363a,1,-2,0,0,2,0,1,0,0,1
968,0563a,0323a,0,0,-1,0,-3,0,0,0,-2,-1
969,1143c,0911b,0,0,3,0,-1,0,0,1,1,1
970,1393a,1393c,1,1,1,0,-2,0,0,-1,1,1
971,1140c,0347a,0,1,0,0,-1,0,0,1,2,0
972,1448a,1423a,0,-1,-3,1,-2,0,0,2,-1,-1
973,1547b,1547c,1,-1,0,1,0,0,2,3,0,0
974,1500a,1500b,1,1,1,0,1,0,0,-1,1,0
975,1259a,1259b,1,2,-2,0,0,0,0,-2,3,0
976,0489c,0489b,1,2,3,0,2,0,0,-3,0,0
977,0458a,0301b,0,0,1,0,-3,0,-1,1,0,0
978,1508c,1323c,0,1,3,0,0,1,1,0,1,0
979,1373a,1451b,0,-1,-1,0,-2,2,0,-3,-3,-1
980,1430b,1430c,1,-1,0,0,1,0,-1,0,3,0
981,0510c,0354a,0,-2,0,0,2,2,0,1,0,0
982,0365a,1485c,0,-1,-3,0,0,0,-1,0,-3,0
983,0336a,0336c,1,2,0,0,-1,0,1,-2,-1,1
984,1549c,0517a,0,-2,-2,0,0,0,0,0,0,-1
985,0429b,0327a,0,0,3,0,3,0,0,-2,2,0
986,0859a,1210a,0,1,0,0,0,0,1,1,-1,0
987,0544b,0597c,0,1,-3,0,3,-2,0,-1,1,0
988,1259b,1259c,1,1,1,0,0,0,-2,-1,2,0
989,1433a,1433c,1,1,0,0,-3,0,0,0,1,0
990,0544b,0544c,1,0,-3,0,-3,0,0,-1,0,0
991,0969a,0969b,1,2,-2,0,0,2,0,1,-2,0
992,0327c,0327b,1,0,0,0,0,0,-2,0,-2,0
993,0516a,0516b,1,0,0,-1,0,0,-1,1,2,0
994,1140c,1140b,1,1,3,1,-2,-2,1,0,1,-1
995,1543b,1149c,0,-2,0,0,-1,-1,0,-1,0,1
996,1429b,1520c,0,-1,-4,0,0,0,1,-1,2,0
997,0539a,1167a,0,-1,4,-1,-3,0,0,-1,-1,0
998,0496c,1273a,0,-2,0,0,-2,2,1,0,-1,0
999,1164c,1164a,1,0,1,0,-2,2,0,0,1,1
1000,0517c,0517a,1,0,3,0,0,-2,1,-3,0,0
1001,1087a,1348c,0,1,1,-1,0,0,2,-1,2,0
1002,0491b,0563a,0,-1,-1,0,-1,0,2,0,0,0
1003,1567c,1567b,1,-1,3,1,0,0,2,0,-1,0
1004,0390c,0390a,1,0,-3,0,3,0,0,-1,1,0
1005,1352a,0535c,0,1,0,0,3,0,0,0,0,0
1006,0359b,0466c,0,2,2,1,0,0,1,2,0,-1
1007,0521a,0521b,1,1,0,-1,-2,0,1,-2,0,1
1008,0353a,0353b,1,1,0,0,-2,0,0,0,-1,0
1009,0375a,0375b,1,2,-1,0,1,2,1,0,0,0
1010,1492b,1492c,1,-1,0,0,-3,0,-1,-1,3,0
1011,1547a,0319c,0,2,4,0,-1,0,0,0,-3,0
1012,0537b,0537c,1,-1,3,1,0,2,-1,2,1,0
1013,1513a,1204a,0,0,-2,0,3,1,-1,0,0,-1
1014,0562a,0562c,1,0,-1,0,3,-1,0,0,-2,-1
1015,1140c,1323a,0,-2,-1,0,-3,1,-1,1,-4,0
1016,0592c,1557a,0,0,4,0,0,0,0,0,0,0
1017,0337b,0337c,1,1,-1,0,-1,-1,0,0,1,1
1018,1486a,1486b,1,0,-1,0,-1,0,0,0,-4,0
1019,0307b,0307c,1,1,-4,1,-1,0,0,1,-1,0
1020,1224c,1224b,1,1,0,0,0,0,0,0,1,1
1021,1471b,1534a,0,-1,0,1,-2,0,0,0,-2,0
1022,0518a,0518c,1,1,0,1,0,2,0,1,-3,0
1023,1516a,1516b,1,-2,0,1,-2,0,1,1,-1,-1
1024,0365a,0365b,1,-1,-1,0,0,2,1,-1,-1,1
1025,0520a,0892c,0,0,0,0,0,0,-1,2,-1,0
1026,0411c,0531b,0,0,0,-1,-3,0,0,-1,0,0
1027,0496c,0340a,0,2,1,0,0,0,0,1,-1,0
1028,0429b,0429a,1,0,1,0,2,0,0,0,3,0
1029,1099a,1253c,0,-1,0,0,2,0,0,1,4,0
1030,1394c,1340c,0,0,-3,0,2,0,0,-1,1,0
1031,0313b,1431a,0,1,1,0,0,0,-1,-2,-1,0
1032,1149a,1149c,1,-1,2,-2,-1,2,0,3,-3,0
1033,0483a,0483b,1,-1,-1,0,-2,0,1,0,0,0
1034,1386a,1255a,0,-2,-3,0,-3,0,0,0,1,0
1035,0349a,0333c,0,2,-1,0,3,2,-2,-2,1,1
1036,1171b,1171a,1,0,-1,-1,2,2,-2,1,-4,0
1037,0565b,0565c,1,-1,-2,0,-1,0,-1,0,-1,0
1038,0555b,0340b,0,-1,-1,-1,-2,0,-1,-1,-1,-1
1039,1123c,1123b,1,-1,1,0,0,-2,-2,-2,0,0
1040,0306a,0429b,0,3,-1,-1,2,2,0,2,1,1
1041,1335a,1335b,1,-1,-4,0,2,0,0,1,-2,0
1042,1409a,1350c,0,0,0,0,0,2,0,-1,0,0
1043,1149c,1282c,0,-1,-3,0,-1,0,0,1,-1,-1
1044,1236a,1236c,1,0,3,0,0,0,0,-1,-2,0
1045,0552a,1498a,0,1,0,0,0,1,0,3,0,0
1046,1374b,1374c,1,-1,-3,0,0,0,0,0,1,0
1047,1176b,1426a,0,0,1,0,-1,2,0,2,1,0
1048,0429a,1124c,0,0,4,0,2,0,0,0,0,0
1049,0313c,0453c,0,-2,1,-1,-1,2,0,0,1,0
1050,0458b,0516a,0,0,0,0,-2,1,-1,0,0,-1
1051,1366a,1366b,1,0,3,0,2,0,2,3,-4,0
1052,1243a,1240b,0,-1,-1,0,3,0,-1,0,0,0
1053,1463a,0576b,0,2,3,1,2,0,1,-1,4,1
1054,0366a,1465b,0,-1,1,0,-2,-1,1,-1,0,0
1055,1447a,1496a,0,0,-3,0,2,0,1,2,-3,0
1056,1472c,0575c,0,0,-1,0,1,2,0,-1,3,1
1057,1155b,1155a,1,2,0,0,-3,-2,0,-1,-1,1
1058,0518a,1152a,0,0,-3,0,0,0,-2,1,0,0
1059,0313b,1259c,0,0,0,0,-2,0,1,-1,-1,0
1060,1461b,0522b,0,-2,3,0,0,0,-1,-3,1,0
1061,0456b,0456a,1,1,-1,0,-1,1,-2,-1,0,1
1062,0334a,0334c,1,1,-3,0,0,0,1,-2,0,1
1063,1416b,1245c,0,1,-2,0,0,0,1,1,1,-1
1064,0351c,0421c,0,0,-3,0,1,2,-1,-1,0,1
1065,1489a,1489c,1,0,-3,0,3,2,-1,0,0,0
1066,1305a,1424c,0,1,0,0,2,0,0,0,2,0
1067,1267c,1267b,1,1,-4,0,-3,0,0,-2,2,0
1068,0328a,0571c,0,0,-3,1,1,-1,0,0,-1,0
1069,1386a,1365a,0,-2,0,0,1,0,1,0,1,0
1070,1513b,1513c,1,-1,-3,0,3,0,1,0,2,0
1071,0336a,1499b,0,0,1,0,0,2,1,0,2,0
1072,1252a,1252c,1,-2,-2,0,0,0,-1,0,0,0
1073,1393a,1393b,1,0,-4,-1,0,0,0,2,2,0
1074,1491a,1491c,1,1,-1,0,-1,0,1,-3,3,0
1075,1253a,1253b,1,-2,-3,0,-3,0,-1,0,2,0
1076,1167a,1367a,0,3,3,1,-2,0,2,0,-2,0
1077,1284a,1282b,0,-2,-1,0,-1,0,0,-1,2,0
1078,1534b,1534c,1,1,-2,0,0,0,-1,-3,1,0
1079,0587c,0343c,0,0,-1,0,3,0,0,-2,-4,0
1080,0492a,0969b,0,1,1,0,3,2,-1,-1,-1,0
1081,0450c,1319c,0,0,0,0,3,0,-1,-1,-1,0
1082,1358b,1358c,1,2,-1,0,-2,0,-1,1,-1,0
1083,1391c,1391b,1,-2,-3,0,-3,0,1,0,0,0
1084,0324c,1165c,0,0,1,0,-3,0,0,1,1,1
1085,0321c,0321a,1,-2,-3,0,-3,0,-2,0,-2,0
1086,1409b,1409c,1,1,-2,0,0,0,0,0,0,0
1087,1554a,1554c,1,1,-3,1,0,0,-1,1,1,-1
1088,0367a,0367c,1,-1,3,-1,-1,-1,0,0,1,0
1089,0503a,0538b,0,2,0,1,-1,2,1,0,-2,1
1090,0381b,1091b,0,0,0,0,-3,0,0,-1,-1,1
1091,1343a,0413a,0,1,0,0,3,0,-1,-3,0,0
1092,1504a,0583c,0,-1,-4,0,-3,0,0,-1,1,0
1093,1261b,0539b,0,1,-1,-1,4,1,0,-1,0,0
1094,0357b,0357a,1,3,0,0,0,0,2,-1,0,1
1095,1360b,1360a,1,0,-1,0,1,0,-1,0,0,1
1096,1506a,0473b,0,0,0,0,0,0,0,0,-1,0
1097,0372a,0319a,0,2,0,0,-2,0,1,-1,-1,1
1098,0550b,0350b,0,-1,0,0,0,2,-1,0,0,1
1099,0491a,1374b,0,2,0,0,-3,0,-1,0,2,0
1100,1546b,1194a,0,2,0,0,0,0,1,-2,3,1
1101,1468a,1468c,1,1,-3,0,-3,0,0,0,-1,-1
1102,1121a,1121b,1,-1,-1,0,-3,0,1,0,2,0
1103,0496f,0496d,1,1,1,0,-2,-1,-1,0,0,0
1104,0550a,0550c,1,0,-2,-1,-3,-3,-1,-2,-3,-1
1105,1450a,1450c,1,2,0,0,-2,0,1,0,4,-1
1106,1364c,1364a,1,0,-3,0,0,0,-1,0,0,-1
1107,1442b,0396b,0,2,2,1,-2,0,0,3,0,0
1108,1489a,1531b,0,0,4,0,0,-1,-1,-1,3,0
1109,1546b,1546a,1,2,1,0,1,0,0,-1,-3,0
1110,0314b,0314c,1,1,1,0,-2,0,1,2,2,0
1111,0475a,1197c,0,-1,-1,0,-3,-3,0,-3,-1,0
1112,0365a,0365c,1,3,1,0,3,2,0,0,2,1
1113,1196b,1443c,0,0,1,0,-3,0,0,1,1,1
1114,0355c,1485a,0,-1,0,0,-3,0,0,1,1,0
1115,1284a,1284b,1,1,1,0,0,1,0,1,0,-1
1116,0321c,0321b,1,1,-1,-2,-2,-1,0,-3,-1,0
1117,1289b,1289c,1,-1,-1,0,-1,0,-1,0,0,-1
1118,1146a,1146c,1,-3,1,0,0,0,-1,-1,-2,0
1119,1534c,1255c,0,1,-2,1,3,-2,0,-1,-1,0
1120,0411a,0522b,0,-1,1,0,1,0,-1,0,-1,0
1121,1375a,1319a,0,-1,0,0,-3,0,0,0,3,0
1122,0547c,1140a,0,-1,3,0,3,0,-1,2,-1,1
1123,1513c,0556a,0,1,-1,0,3,0,0,-1,-2,0
1124,1309a,1309b,1,-1,1,0,0,0,1,0,0,0
1125,0317a,0317b,1,-1,-1,0,1,0,-1,0,-1,0
1126,1443c,1443b,1,-2,1,0,-1,2,-2,-3,3,0
1127,0496c,0496e,1,1,4,0,0,0,1,-1,2,1
1128,0569c,0569a,1,1,1,0,2,2,1,3,1,0
1129,1134a,1134c,1,1,0,0,-1,-1,-1,0,-2,0
1130,1146a,0516a,0,-2,1,-1,-3,0,1,1,0,0
1131,1155a,1155c,1,0,0,0,0,0,2,-2,4,0
1132,1492a,1329c,0,-1,0,-2,-1,2,1,0,2,1
1133,1445b,1445c,1,0,-3,0,-3,0,0,0,0,0
1134,0577b,0577c,1,0,0,1,0,0,0,0,1,0
1135,1492a,1492b,1,0,-1,-1,1,0,0,0,2,1
1136,0550c,0553b,0,1,1,2,-3,-2,-2,0,-1,-1
1137,0319a,0319c,1,-1,0,0,1,-1,0,0,1,0
1138,0496c,0496d,1,0,0,0,3,0,2,1,0,1
1139,1485b,1485c,1,-2,-3,0,-3,0,-1,0,-1,0
1140,1224c,0969c,0,2,-4,0,3,0,0,-1,1,0
1141,0491c,0491a,1,-1,-1,0,1,0,1,-1,-3,0
1142,1309a,1341c,0,1,0,0,-2,0,1,-2,1,0
1143,0552a,1424c,0,0,0,1,2,0,-2,1,2,0
1144,1391a,1508c,0,-2,-2,0,3,0,-2,1,-1,0
1145,1273a,1273c,1,-1,0,0,0,0,0,-1,-4,0
1146,1483c,1309c,0,-1,-3,0,-3,0,-2,-2,1,0
1147,0381c,1495a,0,3,0,0,-2,2,-2,-2,-3,1
1148,1146b,1146c,1,-2,1,0,-2,0,0,-1,-2,0
1149,0536a,0353a,0,2,-4,0,-1,0,2,1,-1,0
1150,0316b,1178a,0,0,0,0,-1,2,0,1,-1,0
1151,1487a,1487c,1,1,0,0,3,0,0,0,0,0
1152,1481a,1481c,1,2,-1,1,0,0,0,-1,3,0
1153,0338a,0338c,1,-1,-1,0,0,2,1,1,1,0
1154,1368b,1368c,1,-1,-3,0,3,0,1,0,2,0
1155,0421a,0448b,0,0,1,0,-3,-1,1,-2,-1,0
1156,0411c,1255c,0,-1,-4,0,-2,0,0,1,1,0
1157,1378b,1119c,0,-1,-2,0,-2,0,1,1,-1,0
1158,0535b,0535c,1,-2,-1,0,2,0,1,-1,4,0
1159,0414b,0414c,1,-1,-3,0,2,0,1,2,-1,-1
1160,1491a,1391a,0,0,-1,0,0,0,-1,-1,-2,0
1161,0381c,1286c,0,0,-1,0,3,0,0,1,-1,0
1162,0469a,0469c,1,0,0,0,-3,2,0,1,1,-1
1163,0363c,0363a,1,1,-1,0,0,0,-1,0,-3,0
1164,1447a,1471c,0,0,3,1,-2,-2,0,0,1,0
1165,1540c,0556a,0,-1,-1,0,3,0,-1,0,0,0
1166,0353a,1099c,0,0,2,-1,-2,0,1,-2,3,1
1167,1341a,1341b,1,-2,0,0,-3,0,0,0,1,0
1168,0587a,1483c,0,0,1,0,-3,0,0,-2,2,0
1169,1328a,1328b,1,0,3,0,0,2,0,1,2,0
1170,1513a,1513c,1,2,1,0,-1,-2,-1,0,2,1
1171,1336b,1336c,1,0,3,-1,0,-1,1,1,2,0
1172,1191b,1191c,1,0,-1,1,0,0,-1,-1,1,0
1173,1240b,0485b,0,-1,1,0,0,0,0,1,0,0
1174,1476a,1352a,0,0,4,0,1,0,0,0,0,0
1175,0335a,0510c,0,0,-3,0,2,0,0,1,-3,0
1176,0461a,0461b,1,0,4,0,0,-2,0,-3,2,0
1177,0414a,0414b,1,0,4,0,0,-2,0,-3,0,1
1178,0451a,1512b,0,0,-4,1,-2,-2,0,0,0,0
1179,1134a,1134b,1,0,0,0,3,1,-1,0,2,0
1180,1303a,1303b,1,2,-3,0,-2,0,-1,-1,-2,0
1181,0496d,0496a,1,1,3,0,-2,2,2,0,0,1
1182,1455a,1455b,1,0,0,0,3,-2,1,-1,2,0
1183,1289a,1289b,1,0,0,0,-1,0,1,-1,1,0
1184,0385c,1348c,0,0,3,0,3,0,0,-2,-1,0
1185,0575c,0313c,0,-1,0,0,0,0,0,-1,-2,0
1186,1099a,1099c,1,0,-4,-2,-1,0,-2,0,0,0
1187,0334a,1547a,0,0,4,0,-2,0,-2,0,2,0
1188,1490c,1481a,0,-1,1,0,0,0,-1,0,-3,0
1189,1197a,1253b,0,1,-1,0,1,0,1,-1,0,1
1190,1366c,1488b,0,-1,1,0,0,1,0,-1,-2,0
1191,0353a,1196b,0,1,3,0,2,0,0,0,0,1
1192,1330a,1330b,1,1,-1,1,3,0,2,0,1,0
1193,0355c,1448c,0,-2,-1,-1,0,0,0,-1,2,1
1194,0507b,0507c,1,1,0,0,-1,0,1,-2,-3,0
1195,1123a,0941c,0,2,1,1,-2,0,-3,0,-1,0
1196,1409b,1409a,1,0,1,-1,3,0,-1,-1,1,0
1197,1493a,0368c,0,0,0,0,-1,0,-1,2,0,0
1198,0518b,0518c,1,2,0,0,-1,0,-1,-1,-3,0
1199,0537c,1449c,0,1,-3,-2,-1,0,-1,0,1,0
1200,0396c,0396b,1,-2,0,1,1,0,0,1,4,0
1201,1491b,1491c,1,1,0,0,-1,1,1,3,0,0
1202,0473a,0354c,0,1,0,-1,1,0,0,-1,3,0
1203,1451b,0421a,0,2,4,0,3,0,2,1,2,1
1204,0380a,1538c,0,1,0,-1,2,1,0,0,-1,0
1205,1240a,1240c,1,3,0,0,-2,0,-1,-3,0,0
1206,1501c,1501a,1,1,1,0,2,-2,0,1,0,0
1207,1409a,0453c,0,1,1,0,0,0,0,0,3,0
1208,1227b,1513c,0,-2,0,0,-2,1,1,0,-3,-1
1209,1413a,1413c,1,1,-1,0,-1,-2,0,-1,1,1
1210,1127a,0422c,0,3,1,0,1,0,0,-1,1,0
1211,0473a,0357a,0,0,1,1,-1,0,1,2,-1,-1
1212,0327b,0434c,0,0,-1,0,-3,0,-1,0,0,0
1213,1504b,1504a,1,0,-3,0,-1,0,1,2,-2,-1
1214,0322b,0333a,0,0,-4,0,-1,0,2,0,-2,0
1215,1451c,0440c,0,1,4,0,-1,0,0,3,-1,1
1216,1164c,0475a,0,2,1,0,-3,-2,0,0,1,-1
1217,0313c,1323c,0,0,-4,1,-1,0,-2,0,2,0
1218,1350a,1405c,0,2,0,0,-3,1,0,2,-2,0
1219,0421b,0421a,1,2,0,0,-1,0,0,0,-1,1
1220,0367a,0367b,1,1,-3,0,2,0,-1,-1,-1,-1
1221,1300b,1300c,1,-2,0,0,0,2,1,0,-2,0
1222,1409a,1358c,0,1,0,0,-1,0,0,2,0,1
1223,1516a,0923c,0,-1,4,0,0,0,0,-1,0,1
1224,0380a,0380b,1,2,-1,0,3,-1,0,-1,0,1
1225,0350b,0350a,1,0,-3,0,0,0,-2,-1,0,0
1226,1409a,1419b,0,1,4,0,0,0,1,0,3,0
1227,1521a,1521b,1,1,4,0,2,2,2,0,0,1
1228,1382c,1382b,1,1,-1,0,-3,0,-1,-1,-1,-1
1229,1534a,1485c,0,1,2,0,3,0,2,-1,1,1
1230,1152c,0489a,0,0,-3,1,-1,0,0,2,0,0
1231,1267c,1366c,0,0,2,0,2,2,-1,-3,-1,0
1232,0307a,0307b,1,-2,-3,0,3,0,-1,1,-1,-1
1233,1504c,0403a,0,-3,1,-1,-2,2,0,-2,0,0
1234,1140c,0441b,0,-2,-3,-1,-3,-2,0,-3,0,-1
1235,1268b,1268c,1,1,0,0,1,0,-1,-2,0,0
1236,0587a,0587b,1,-2,-2,0,0,0,-2,1,0,0
1237,1303a,0370a,0,0,-3,1,-2,1,0,-3,-2,1
1238,1423a,1504b,0,-3,0,0,-3,1,-1,0,-2,-1
1239,1227a,1510a,0,-1,0,-1,0,0,-1,0,0,1
1240,1518c,0538a,0,1,3,-1,2,0,0,-1,1,0
1241,1441a,1441c,1,-1,0,0,0,2,2,0,2,1
1242,1495a,0521c,0,0,0,0,0,0,0,1,0,1
1243,1091b,1091a,1,-1,1,0,-3,0,0,2,-3,0
1244,0538a,0538c,1,1,0,0,3,0,1,0,1,1
1245,0440c,0440b,1,0,-1,0,0,0,1,0,-2,0
1246,1305a,1134a,0,0,-3,0,-3,0,-1,1,0,0
1247,1343a,1343b,1,-2,0,0,2,0,3,1,0,0
1248,0474b,1408a,0,0,3,1,-2,-2,1,-1,1,0
1249,1303a,1485c,0,-1,4,-1,-1,-3,0,0,-1,0
1250,0333c,0463b,0,3,3,0,1,0,1,-1,1,0
1251,0550c,1219c,0,-1,1,0,0,0,0,1,-3,0
1252,0386a,0911c,0,-1,1,0,1,0,1,-1,3,1
1253,1549c,0525c,0,-3,-3,0,2,0,-1,0,3,0
1254,1343a,1343c,1,-1,-1,0,0,0,-1,0,-2,-1
1255,1273a,0405b,0,1,2,-1,-2,0,1,-2,2,1
1256,1512b,1512c,1,1,3,1,-2,2,0,-1,-2,0
1257,1086b,1086c,1,-2,-1,0,-3,0,0,1,1,1
1258,1386a,1386b,1,-2,1,0,0,0,-1,-1,-1,0
1259,0503a,0503b,1,0,0,0,1,0,1,-2,2,1
1260,0451b,0451c,1,-1,-2,1,0,0,0,0,-2,0
1261,0405a,0405b,1,1,-1,0,3,2,-1,0,1,0
1262,1450b,0357b,0,1,0,0,-3,2,0,1,3,0
1263,0379b,0379c,1,0,0,0,-1,-2,2,-1,1,1
1264,1267c,1567c,0,-1,0,0,-3,2,0,-1,1,0
1265,0584a,0539b,0,-2,-3,0,0,0,0,0,-3,-1
1266,1475a,1475b,1,-2,-3,0,-3,0,1,0,1,0
1267,1482a,1350a,0,-2,-3,0,3,0,-2,-1,-2,0
1268,0432a,0432c,1,2,0,0,2,2,-2,0,1,1
1269,1343b,1343c,1,0,0,0,1,2,1,0,1,1
1270,0315b,0315a,1,-1,-1,-1,-2,1,1,-3,0,0
1271,1545b,1545c,1,1,-3,1,0,0,-2,0,-1,0
1272,1426b,1477a,0,1,3,0,-2,2,0,-3,2,0
1273,1447c,0392b,0,0,3,1,-2,0,0,0,1,0
1274,1531b,1531a,1,-1,-4,0,-4,0,0,0,-1,-1
1275,0353a,0353c,1,1,-1,0,0,0,0,-2,1,0
1276,1323b,1532a,0,-1,-1,0,3,0,0,-2,-1,0
1277,1325a,1325b,1,0,1,0,1,1,-1,1,2,-1
1278,1482b,1488a,0,-2,0,0,3,0,0,0,3,0
1279,1194b,1194c,1,-2,-1,1,-2,0,-1,2,-2,-1
1280,0411b,0411a,1,0,0,1,-1,2,1,-2,2,0
1281,0349a,0412b,0,0,2,0,1,2,0,-1,-1,0
1282,1531b,0451b,0,0,1,0,0,0,0,0,-3,0
1283,1521c,1485b,0,-1,0,1,-2,-2,0,0,1,-1
1284,0458a,0458c,1,0,3,0,-3,2,0,0,1,0
1285,1173c,0547c,0,-2,1,0,-1,-1,0,0,-2,0
1286,1492a,1413b,0,1,-1,-1,1,2,0,1,-1,1
1287,1461b,1461a,1,0,-1,0,-3,0,0,1,2,0
1288,0593b,0416a,0,0,0,0,-2,0,1,1,0,0
1289,1178a,1178b,1,0,0,0,0,0,0,-1,1,0
1290,1207c,1561b,0,-1,0,0,2,0,-1,0,-2,0
1291,0969a,1416c,0,0,1,0,1,1,-1,0,-1,0
1292,0457a,0457c,1,3,0,0,3,0,0,0,4,0
1293,0357a,0357c,1,-3,-3,0,0,0,-2,0,-1,-1
1294,1261b,1375a,0,0,-1,-1,-1,2,2,0,2,1
1295,0363c,0596a,0,0,0,0,-1,0,0,0,-4,-1
1296,0927c,1253b,0,1,-2,-1,1,0,1,-3,-3,0
1297,1231a,1231b,1,-2,4,0,-3,0,0,-2,-1,0
1298,0518b,1253c,0,-1,-1,0,-1,0,-1,-1,-3,-1
1299,1516a,1173c,0,0,0,1,1,-2,0,0,2,-1
1300,1365c,1196c,0,-1,1,0,1,0,0,-1,-2,0
1301,1451c,0353c,0,-1,-1,0,0,0,0,-2,0,0
1302,0488c,1308c,0,0,3,1,2,0,2,-1,-3,0
1303,1286a,1286b,1,1,3,1,1,0,-1,-1,3,0
1304,1508b,1508c,1,-1,2,1,3,0,1,-3,-2,0
1305,1314a,0556a,0,0,0,0,2,-1,1,-3,-2,0
1306,0363c,1495b,0,0,1,0,0,2,0,0,1,0
1307,0458a,1517c,0,2,0,1,1,0,2,-2,2,1
1308,0445a,0475a,0,-1,-2,1,-2,0,-1,0,-3,-1
1309,0451a,0451c,1,1,-1,-1,2,0,0,0,2,1
1310,0302a,0302b,1,2,0,0,0,0,-1,-1,1,1
1311,1465a,1465b,1,0,-2,0,0,2,1,-1,2,1
1312,1131a,1343a,0,1,3,0,1,0,0,-3,-2,0
1313,1129b,1495b,0,0,0,1,3,0,-1,0,-1,-1
1314,1533c,1358b,0,0,1,0,3,0,-2,1,0,0
1315,1517a,1517c,1,0,3,0,-2,-2,0,-2,-1,1
1316,0472b,0472c,1,1,-1,0,-3,0,0,0,-4,-1
1317,1252a,1153b,0,-2,0,1,0,2,-1,0,1,0
1318,1471b,0464a,0,-2,1,0,2,1,0,0,1,0
1319,0472c,1460b,0,0,0,-1,0,1,-1,0,0,0
1320,1538a,1538b,1,1,-1,0,3,0,0,0,-2,0
1321,0517b,0517c,1,-2,-1,-2,-4,-1,0,0,1,0
1322,1409b,0496e,0,-1,-3,0,0,0,0,0,-2,-1
1323,1477b,1477c,1,1,0,1,1,-1,1,-1,1,0
1324,0592c,1222a,0,0,3,0,0,2,-1,-2,2,1
1325,1294b,1294c,1,0,0,0,-3,2,1,0,0,0
1326,1545a,1260c,0,0,0,0,0,0,0,-1,1,0
1327,0969a,1414b,0,2,0,0,-1,0,-1,1,-1,0
1328,0555b,0555a,1,0,0,0,0,0,-1,0,-1,0
1329,0587c,1348c,0,2,-2,1,-1,2,-2,1,0,1
1330,1432a,1440c,0,0,4,0,3,0,-1,-1,-1,0
1331,1432a,1432b,1,1,-1,-1,1,2,1,-1,2,0
1332,1391c,1391a,1,-1,-2,0,0,2,-2,0,-2,0
1333,1448b,1448c,1,1,0,1,3,0,2,0,0,0
1334,1153a,1153b,1,-1,0,0,0,0,1,-1,-3,0
1335,1552a,1091c,0,-1,0,0,0,0,0,-1,-2,0
1336,0473a,0473b,1,2,-2,0,2,0,-2,0,-3,-1
1337,1330b,1330c,1,0,-1,0,-3,0,-1,-1,-3,0
1338,1167a,1402b,0,1,0,0,3,2,0,0,-1,0
1339,1201b,0535a,0,0,0,0,2,0,0,1,0,0
1340,1391a,1196c,0,0,-3,0,0,2,-1,0,1,-1
1341,1181a,1181b,1,-1,-2,0,4,-1,0,-2,0,0
1342,0302a,0302c,1,0,0,0,0,0,0,-2,-2,1
1343,1248a,1248c,1,1,-2,0,0,0,-1,1,0,0
1344,0896a,0319b,0,1,0,0,-1,0,0,0,0,0
1345,0322b,1254a,0,-1,3,0,0,0,1,-1,-3,1
1346,1197a,1197b,1,0,1,0,0,0,0,0,2,0
1347,1483a,1493b,0,-2,1,0,3,0,0,-1,-1,0
1348,0560c,0560b,1,0,-1,0,0,0,0,-1,0,0
1349,0327b,0580b,0,-1,1,0,1,2,0,2,-1,0
1350,0472c,1114a,0,2,0,0,0,2,0,0,1,1
1351,0469a,0469b,1,-1,3,-2,-3,0,1,-3,-3,0
1352,1274a,0319c,0,1,3,1,2,0,-1,0,-1,0
1353,0445c,1307b,0,-2,-3,0,0,0,2,0,0,-1
1354,1260a,0304a,0,-3,0,1,-3,-2,1,0,-1,-1
1355,0969b,0431b,0,0,-1,0,-3,2,-1,-1,0,0
1356,1219b,1219c,1,-2,-3,0,3,0,2,1,-2,-1
1357,0431b,0431a,1,1,-1,0,-1,-2,1,0,2,1
1358,1282b,1441c,0,-1,1,1,1,0,0,0,1,0
1359,1508b,1508a,1,1,0,0,-3,0,0,0,-2,0
1360,0313b,0587c,0,-1,0,1,-1,0,1,-1,4,0
1361,1259a,1259c,1,-1,0,0,0,0,-1,-1,1,0
1362,1252a,0544a,0,-1,0,0,2,0,1,0,1,0
1363,1448a,1448b,1,-2,2,-1,0,0,-1,-3,2,0
1364,0551c,0551a,1,3,0,0,0,0,-1,-1,3,0
1365,1039c,0451c,0,1,4,0,3,0,0,0,4,0
1366,1554a,1554b,1,0,1,0,0,0,0,0,0,0
1367,0355b,0460c,0,-2,0,0,0,2,0,1,1,0
1368,1257b,1257a,1,2,1,-1,1,2,2,0,1,1
1369,0402b,0381b,0,1,-1,0,3,2,1,1,1,0
1370,0549b,0549c,1,2,4,0,-1,0,0,2,2,1
1371,0564b,0564c,1,-2,0,-1,-4,0,0,-1,-3,-1
1372,1538c,0489b,0,-1,2,0,-3,0,2,1,-3,-1
1373,1307b,0927c,0,0,3,0,-3,2,1,1,4,1
1374,1367a,0564b,0,-1,-3,0,0,0,0,1,-4,0
1375,1443c,1484c,0,2,0,0,0,1,0,0,-3,-1
1376,0525b,0525c,1,1,0,0,-2,2,-1,-1,-1,1
1377,0561a,1452b,0,-1,1,0,-3,0,-1,-1,1,-1
1378,1378b,1378c,1,-1,1,0,0,0,0,0,-1,0
1379,0323c,0387b,0,0,0,0,0,0,-1,-1,2,1
1380,0538a,0538b,1,-1,-2,-1,-3,-2,-1,0,-2,0
1381,0327b,0327a,1,-1,0,1,-1,2,1,0,0,1
1382,0550c,1099a,0,-1,-1,0,0,2,1,1,-1,1
1383,1501b,1501a,1,-2,0,1,0,0,-2,-1,-1,0
1384,1201b,1447c,0,0,-2,1,-2,-2,0,1,-3,-1
1385,0349a,0349b,1,-1,0,0,-1,0,0,1,-3,0
1386,1174a,0435b,0,2,3,-1,-1,0,0,-2,3,1
1387,0579a,1352b,0,2,-1,0,2,0,-1,0,2,0
1388,1565a,1565b,1,-1,0,0,1,0,0,-3,-1,0
1389,1378c,1378a,1,0,0,0,2,0,-1,0,0,0
1390,0471c,0347b,0,0,1,-1,1,0,0,-3,0,0
1391,0532b,0547c,0,2,-2,0,0,0,-1,-1,2,0
1392,0538a,1363c,0,1,3,-1,2,2,1,0,2,1
1393,1567c,0520a,0,2,0,0,0,0,0,0,1,1
1394,1458a,1498b,0,-2,0,0,1,2,0,0,-2,0
1395,1178b,1178c,1,0,3,-2,0,0,0,0,-2,0
1396,0327a,0348c,0,0,0,1,-1,-1,-1,0,0,0
1397,1501c,1501b,1,2,1,0,3,0,0,-1,-1,1
1398,1394c,1394b,1,1,0,0,-3,0,0,1,-4,0
1399,0550a,0550b,1,-1,-1,0,3,1,-1,0,1,0
1400,1565a,1236b,0,-2,-1,0,-3,1,-1,0,-4,-1
1401,1341a,0354b,0,0,0,0,-1,-1,0,-2,-1,-1
1402,1334c,1294a,0,2,-1,0,3,0,-1,-1,0,0
1403,1155a,0315a,0,0,0,1,1,0,0,2,-1,0
1404,0422a,0422c,1,-1,0,0,1,1,0,1,2,0
1405,1471b,0927c,0,1,-2,-1,2,2,0,-2,0,0
1406,1305b,1305c,1,0,1,0,-2,2,0,1,0,0
1407,1422a,0387a,0,3,3,0,-1,0,1,2,0,0
1408,1460a,1090c,0,0,1,0,0,0,-1,-1,-1,1
1409,1483a,1483b,1,0,-3,0,-2,0,0,-1,-2,0
1410,1489b,1489c,1,-1,-3,0,0,2,0,2,1,0
1411,0552a,0552b,1,1,0,0,3,0,0,1,0,1
1412,0363b,0322b,0,-1,-1,1,3,0,-1,2,0,0
1413,1198a,1198b,1,2,-3,0,-3,-1,-1,-1,-1,0
1414,0488b,0488c,1,1,0,0,0,0,-1,0,-2,0
1415,0328b,0328a,1,0,-3,0,-3,0,0,1,2,-1
1416,1134b,1134c,1,0,-2,-1,-1,-1,-1,0,0,0
1417,1212a,1212c,1,1,-1,0,-3,0,-1,0,-1,0
1418,1562b,1416c,0,-1,0,1,1,-2,-2,-1,2,0
1419,1352a,1253b,0,1,3,0,-2,0,0,-2,-1,0
1420,0496a,0496e,1,-3,-1,0,3,-1,0,0,-2,-1
1421,1090c,1090a,1,0,0,0,3,0,0,0,-2,0
1422,0338b,0338a,1,2,0,0,-1,0,0,0,2,1
1423,1341a,1341c,1,-1,0,0,-3,0,-2,1,2,0
1424,1204a,1197b,0,1,0,0,3,2,1,0,1,1
1425,1471c,1212c,0,-2,0,1,-2,-1,-1,1,-3,0
1426,0477a,1365c,0,-2,0,0,-2,0,0,0,-1,0
1427,0422b,0422c,1,1,2,1,-3,2,1,0,0,0
1428,0451a,0451b,1,1,0,0,-4,0,2,1,0,0
1429,1408a,1408b,1,0,4,0,0,0,0,0,0,0
1430,0897c,1557a,0,0,3,0,0,2,0,0,0,0
1431,1271a,1271c,1,-1,1,0,2,0,1,0,1,0
1432,0531a,0562a,0,-2,1,0,-3,0,-3,-1,3,0
1433,0335b,0335c,1,0,0,1,2,1,-1,1,0,1
1434,0324c,0324a,1,-3,-3,1,-1,-1,1,-1,0,0
1435,0440c,0440a,1,0,-3,0,0,0,0,0,-1,0
1436,1303c,1303a,1,0,-4,1,0,0,-1,1,1,0
1437,1510b,1510c,1,-1,0,-1,-1,0,-1,2,1,0
1438,1406b,1406c,1,0,-2,0,-3,0,0,0,-3,0
1439,1367c,0537b,0,1,0,0,0,0,-2,1,-3,0
1440,1119b,1119c,1,1,-3,0,-1,0,-1,-1,-3,0
1441,1240b,1323a,0,2,-1,0,0,0,1,-1,1,1
1442,1386a,0458a,0,1,2,0,0,0,0,-1,2,0
1443,0531a,0531b,1,3,-2,0,0,0,0,0,1,0
1444,1325b,1325c,1,-1,-1,0,-3,0,2,0,2,0
1445,1413b,1413c,1,2,3,0,-3,0,0,0,1,1
1446,1167a,0518b,0,-2,1,0,-1,2,1,2,-3,0
1447,1236b,0471a,0,0,-4,0,1,0,1,-2,0,1
1448,1335a,1219b,0,1,0,0,-3,0,0,0,-1,0
1449,0381a,0381b,1,-2,0,0,-3,2,1,3,1,1
1450,1260a,1260b,1,0,-1,1,-2,0,-1,-3,1,0
1451,1294a,1504b,0,0,-3,1,1,0,-1,1,1,0
1452,0507a,0507b,1,-1,-1,0,3,0,0,-1,1,1
1453,1442a,1350a,0,1,3,1,0,0,0,-1,-1,0
1454,0318c,0318b,1,0,0,0,2,0,1,2,1,0
1455,1488a,1488b,1,2,-3,1,2,2,0,0,2,1
1456,1546b,1546c,1,-1,-2,0,-3,0,1,0,-1,0
1457,1510c,1510a,1,0,-3,0,-3,0,-2,0,0,0
1458,0323c,0323a,1,-1,0,-1,-2,0,-1,-3,-2,-1
1459,1531b,0301a,0,0,-2,0,-1,2,0,2,1,1
1460,1442a,1391b,0,0,1,0,3,-2,1,1,-1,-1
1461,0316b,0316a,1,0,1,0,2,0,0,3,-3,0
1462,1489a,0515a,0,0,1,-2,-2,2,1,-3,1,0
1463,0560a,0560b,1,1,4,0,2,0,-1,1,1,0
1464,0927a,0927b,1,-1,-4,0,3,0,0,0,1,1
1465,0363c,0363b,1,2,0,0,3,0,1,-1,3,0
1466,1222c,1417a,0,0,4,1,1,0,-1,0,0,0
1467,0458b,0597b,0,2,0,0,0,0,1,1,1,0
1468,1234a,1234c,1,-1,-1,1,-2,0,0,-1,2,0
1469,1208b,1208c,1,1,4,0,-2,0,2,-1,-1,1
1470,1253c,0311a,0,1,-3,-1,2,0,-1,1,-3,0
1471,0327c,0327a,1,-2,1,-1,-1,2,1,0,-1,1
1472,1442a,1442b,1,-1,1,0,2,0,0,-2,1,0
1473,1424a,1424c,1,0,0,0,-3,0,1,-2,0,1
1474,1140c,1140a,1,-1,1,0,0,0,1,-2,2,1
1475,0347a,0347b,1,0,0,0,3,0,0,0,-4,0
1476,1471b,1201a,0,1,-1,0,-3,0,1,-2,-1,0
1477,0354b,0354a,1,3,-3,0,-3,0,1,-1,0,0
1478,0507a,1064c,0,-2,1,0,1,2,0,0,-1,0
1479,1367a,1373a,0,0,0,0,-3,0,2,-1,1,1
1480,1144b,1144c,1,1,0,0,0,0,0,0,2,0
1481,1528c,1413a,0,0,-1,0,-2,0,-1,1,4,0
1482,1452b,1137c,0,-2,0,0,1,0,-1,0,0,0
1483,0422a,0422b,1,0,-1,0,0,0,-1,1,-4,0
1484,0333b,0587a,0,1,0,0,3,0,-1,-2,3,0
1485,1475a,1534a,0,-1,1,-1,0,0,0,0,1,0
1486,0355a,1555b,0,0,0,0,0,1,-1,-1,-1,-1
1487,1483b,1483c,1,-2,1,0,1,0,1,-1,-3,0
1488,1540c,0859a,0,2,-1,0,-1,0,0,-1,-1,0
1489,0372a,0349b,0,0,0,0,-3,2,0,0,2,1
1490,0411c,0411b,1,-1,-3,0,-3,0,-1,-1,0,0
1491,0457a,0457b,1,2,0,0,2,2,0,1,3,1
1492,1257c,1257a,1,1,2,0,-2,0,1,-1,-2,-1
1493,1408c,1408a,1,-3,0,0,0,2,0,-2,3,0
1494,0421a,0374a,0,-2,-3,0,-1,-2,-2,1,-2,-1
1495,0600b,0600c,1,0,-4,0,-1,0,1,-2,3,1
1496,1411a,1411c,1,0,0,0,1,2,1,2,-1,1
1497,1230a,1230b,1,-2,0,0,-3,0,-1,1,1,0
1498,0450c,0469b,0,0,1,0,0,-2,0,-1,-3,0
1499,0571b,0571c,1,0,1,0,3,0,0,0,-2,0
1500,0335a,0335b,1,1,-2,0,0,0,0,0,0,0
1501,1236c,0950b,0,3,-1,0,0,0,1,2,-1,0
1502,1364b,1364c,1,-2,0,0,1,0,0,0,3,0
1503,1149c,1504a,0,2,-2,1,1,2,1,0,1,0
1504,1091b,0401b,0,1,0,1,2,0,-1,-1,-2,0
1505,1377a,1377c,1,0,4,0,-1,0,-1,3,-2,0
1506,1323c,1319c,0,-1,0,1,0,2,-2,-1,-1,0
1507,0441b,1099c,0,0,-1,0,2,0,-1,1,1,0
1508,1391b,1391a,1,0,0,0,-2,0,1,1,-1,0
1509,0307b,0314a,0,0,0,0,-4,0,-1,1,-4,0
1510,0600a,0597b,0,-1,4,0,0,-2,1,0,1,1
1511,1257b,1217b,0,2,0,0,0,0,0,0,1,0
1512,1201a,1201b,1,1,-1,0,2,0,1,0,2,0
1513,1123b,0507b,0,0,0,1,0,0,0,0,-1,0
1514,0405b,1350c,0,2,0,0,0,0,1,-1,0,1
1515,0354a,0354c,1,3,3,0,0,0,1,-2,2,0
1516,1090c,1204b,0,2,1,0,-1,0,2,1,3,1
1517,0473b,0473c,1,1,3,0,0,0,1,-2,-3,0
1518,0405c,0405a,1,0,0,0,-3,-1,0,0,0,-1
1519,0594a,0594b,1,-1,1,0,-1,2,0,2,3,1
1520,1119a,1119b,1,-1,-1,0,3,0,3,-1,2,0
1521,0600a,0600c,1,-1,-3,0,0,2,-1,1,-3,0
1522,1382b,1431a,0,1,3,1,-2,0,-1,0,-3,0
1523,0375c,0375b,1,0,-3,0,3,-2,0,-3,-2,-1
1524,0496f,0496e,1,1,-3,0,1,2,-2,-2,-1,0
1525,1367b,0434a,0,0,1,0,0,-2,-1,-2,-1,-1
1526,0405c,0323b,0,-1,-3,0,-2,0,0,0,0,0
1527,0570c,0570a,1,-1,-3,0,-3,0,-1,-1,2,0
1528,0544a,1421a,0,1,-4,0,-3,0,-1,0,-2,0
1529,0413a,1504b,0,2,3,0,-1,2,1,0,0,1
1530,1149b,1149c,1,0,0,-1,0,0,-1,2,1,0
1531,0401b,0401c,1,-2,3,0,3,1,0,1,1,0
1532,0538b,0538c,1,-1,0,1,2,0,0,3,-1,0
1533,1234a,0307c,0,-1,-2,0,-2,0,0,0,0,-1
1534,1323a,1323c,1,0,0,1,-1,0,1,0,1,1
1535,0469b,0431a,0,0,1,-1,-2,2,-1,0,-3,0
1536,1461b,1461c,1,0,0,0,-3,0,-1,1,-2,0
1537,1533b,1533c,1,0,0,0,0,0,0,-1,3,1
1538,0412b,0969b,0,-1,1,0,1,0,0,0,0,0
1539,1165b,1165c,1,0,1,0,-3,-2,-1,-1,-3,1
1540,0338a,1521b,0,-1,0,1,0,2,-3,-1,3,0
1541,0562c,0532b,0,0,0,0,-3,0,0,-1,-1,0
1542,0560a,0521c,0,2,0,1,-3,-2,2,-1,1,1
1543,1164c,0491a,0,-1,-2,0,0,-2,0,1,0,-1
1544,1417c,1440c,0,1,0,1,2,2,0,2,-2,0
1545,1567b,0941c,0,-1,1,0,0,0,0,0,-4,0
1546,1129a,1554b,0,0,-1,0,-3,0,0,0,2,0
1547,1240a,1240b,1,1,-3,0,3,0,-1,-1,-1,1
1548,1267a,0595c,0,-1,0,0,0,0,1,-1,0,0
1549,0357b,0585b,0,1,-1,0,-2,0,2,3,-1,0
1550,1484b,1484c,1,-1,2,0,0,0,-2,-2,-4,0
1551,1408c,1408b,1,-1,-3,0,0,2,-1,1,-3,-1
1552,0471a,0471c,1,2,0,0,3,0,0,-2,2,0
1553,0340a,0340b,1,1,0,0,0,0,0,1,2,1
1554,1442a,1442c,1,-1,0,-1,2,2,-1,2,1,0
1555,1375b,1375a,1,0,-2,0,-3,0,0,0,-3,0
1556,0379c,1362c,0,2,3,0,1,0,1,-1,2,1
1557,0302a,0489a,0,1,-1,0,0,0,1,-1,2,0
1558,1335a,1335c,1,1,0,0,3,0,-1,-1,-1,1
1559,1483a,1483c,1,3,4,-1,-1,2,0,0,1,1
1560,0477a,1153b,0,-1,3,-1,-1,0,0,-1,0,0
1561,0355a,0969c,0,0,-2,0,-3,-2,-1,-1,-2,0
1562,1248a,1248b,1,-1,-2,0,-1,0,1,-2,1,0
1563,1231b,1231c,1,2,3,0,-1,0,-1,3,3,1
1564,1494b,1494c,1,2,-2,0,-3,0,0,0,-3,0
1565,0569a,0569b,1,0,-3,0,-3,0,0,0,3,0
1566,1323b,1323c,1,-1,0,-2,-2,2,0,0,1,0
1567,0521b,0521c,1,0,0,0,-1,0,0,0,1,1
1568,1416a,0461a,0,1,-4,0,-1,0,-1,0,-4,0
1569,0413a,0413b,1,1,-4,1,2,0,0,0,3,0
1570,1352c,1352a,1,0,4,2,3,2,-1,2,1,1
1571,1121a,0319c,0,-1,-2,0,-3,-2,-1,0,-2,0
1572,1330a,1330c,1,0,0,0,-4,0,0,1,-1,0
1573,1431c,1431a,1,2,-1,-1,-1,0,0,2,2,1
1574,1219c,1091a,0,-2,1,0,3,-2,2,2,1,-1
1575,1248b,1248c,1,1,3,0,-2,0,1,0,0,0
1576,0571b,0571a,1,-1,-4,-1,-3,-1,-2,-2,-2,0
1577,1181a,1501c,0,2,0,0,-3,0,1,-1,0,1
1578,1563a,1147c,0,1,2,0,0,0,-2,1,3,0
1579,0555b,0521a,0,1,-1,0,0,2,0,0,2,1
1580,1146a,1146b,1,3,0,0,1,0,1,-1,-2,0
1581,1180a,1442b,0,0,1,0,0,-2,2,-1,0,0
