,img_id_A,img_id_B,target,f1_x,f2_x,f3_x,f4_x,f5_x,f6_x,f7_x,f8_x,f9_x,f1_y,f2_y,f3_y,f4_y,f5_y,f6_y,f7_y,f8_y,f9_y
0,0359a,0359b,1,2,1,1,0,2,2,0,2,2,3,2,1,0,2,2,3,0,2
1,0375a,0359b,0,3,0,1,3,2,2,0,4,2,3,2,1,0,2,2,3,0,2
2,0359a,1413c,0,2,1,1,0,2,2,0,2,2,1,4,1,3,2,2,1,2,2
3,1413a,1413c,1,2,1,1,1,2,3,0,1,2,1,4,1,3,2,2,1,2,2
4,1413b,1413c,1,0,1,1,0,2,1,0,2,2,1,4,1,3,2,2,1,2,2
5,0577a,0577b,1,2,1,1,0,2,2,0,1,2,2,1,0,3,2,2,1,2,2
6,0576c,0577b,0,2,4,1,1,2,2,0,2,2,2,1,0,3,2,2,1,2,2
7,1366a,0577b,0,3,1,1,0,2,1,1,1,2,2,1,0,3,2,2,1,2,2
8,0577a,0577c,1,2,1,1,0,2,2,0,1,2,1,1,1,1,2,3,0,0,2
9,0577b,0577c,1,2,1,0,3,2,2,1,2,2,1,1,1,1,2,3,0,0,2
10,0577a,0350b,0,2,1,1,0,2,2,0,1,2,2,1,1,3,2,1,1,4,2
11,1565b,0350b,0,2,1,1,3,0,2,0,2,2,2,1,1,3,2,1,1,4,2
12,1120a,1120b,1,2,1,1,3,2,2,0,2,2,1,1,1,0,2,2,0,2,2
13,1120a,1120c,1,2,1,1,3,2,2,0,2,2,2,1,1,0,2,2,0,0,2
14,1120b,1120c,1,1,1,1,0,2,2,0,2,2,2,1,1,0,2,2,0,0,2
15,1120a,0597b,0,2,1,1,3,2,2,0,2,2,2,4,1,3,2,3,0,3,2
16,0338b,0597b,0,2,1,1,3,2,1,0,3,2,2,4,1,3,2,3,0,3,2
17,0597c,0597b,1,1,4,1,0,2,2,1,1,2,2,4,1,3,2,3,0,3,2
18,0461a,0597b,0,3,1,1,3,0,2,0,0,2,2,4,1,3,2,3,0,3,2
19,1120a,1481c,0,2,1,1,3,2,2,0,2,2,2,1,1,3,2,1,0,0,2
20,1481a,1481c,1,3,1,1,1,2,2,0,3,2,2,1,1,3,2,1,0,0,2
21,1481b,1481c,1,2,1,1,1,2,2,1,0,2,2,1,1,3,2,1,0,0,2
22,1121a,1121b,1,2,1,1,3,2,2,0,1,2,2,1,1,0,2,2,0,3,2
23,1121a,1121c,1,2,1,1,3,2,2,0,1,2,1,1,1,0,2,2,0,1,2
24,1121b,1121c,1,2,1,1,0,2,2,0,3,2,1,1,1,0,2,2,0,1,2
25,1121a,1502b,0,2,1,1,3,2,2,0,1,2,3,4,1,3,2,2,0,4,2
26,1261b,1502b,0,3,4,1,0,2,2,0,2,2,3,4,1,3,2,2,0,4,2
27,1229b,1229c,1,1,1,1,3,2,2,0,2,2,2,1,0,0,2,2,1,2,2
28,1302a,1302b,1,2,1,1,3,2,2,0,0,2,3,1,1,0,2,2,0,2,2
29,1302a,1302c,1,2,1,1,3,2,2,0,0,2,2,1,1,3,2,2,0,3,2
30,1302b,1302c,1,3,1,1,0,2,2,0,2,2,2,1,1,3,2,2,0,3,2
31,1305a,1305b,1,1,1,1,0,2,2,0,0,2,2,1,1,0,2,2,1,2,2
32,1305a,1305c,1,1,1,1,0,2,2,0,0,2,1,1,1,3,2,2,0,1,2
33,1305b,1305c,1,2,1,1,0,2,2,1,2,2,1,1,1,3,2,2,0,1,2
34,1305a,1482a,0,1,1,1,0,2,2,0,0,2,2,4,1,3,2,2,3,1,2
35,1482b,1482a,1,1,1,1,3,2,2,1,0,2,2,4,1,3,2,2,3,1,2
36,1386a,1386b,1,1,1,1,0,2,2,0,3,2,3,1,1,0,2,2,0,1,2
37,1386a,1386c,1,1,1,1,0,2,2,0,3,2,3,1,1,3,2,2,0,2,2
38,1386b,1386c,1,3,1,1,0,2,2,0,1,2,3,1,1,3,2,2,0,2,2
39,1386a,1344c,0,1,1,1,0,2,2,0,3,2,3,1,1,3,2,2,1,4,2
40,1344a,1344c,1,1,1,1,0,2,3,0,3,2,3,1,1,3,2,2,1,4,2
41,1344b,1344c,1,3,4,1,3,2,2,0,2,2,3,1,1,3,2,2,1,4,2
42,1386a,1492a,0,1,1,1,0,2,2,0,3,2,1,1,1,3,2,1,0,0,2
43,1391c,1391b,1,2,1,1,0,2,2,1,1,2,3,4,1,0,2,2,1,4,2
44,1391c,1391a,1,2,1,1,0,2,2,1,1,2,3,4,1,3,2,3,0,3,2
45,1481a,1391a,0,3,1,1,1,2,2,0,3,2,3,4,1,3,2,3,0,3,2
46,0381a,1391a,0,1,0,1,3,2,2,0,3,2,3,4,1,3,2,3,0,3,2
47,1391b,1391a,1,3,4,1,0,2,2,1,4,2,3,4,1,3,2,3,0,3,2
48,0461b,1391a,0,2,1,1,0,2,2,2,0,1,3,4,1,3,2,3,0,3,2
49,1489a,1489b,1,1,1,1,3,2,2,0,0,2,2,1,1,3,2,2,1,2,2
50,1489a,1489c,1,1,1,1,3,2,2,0,0,2,2,4,1,0,2,2,1,1,2
51,1489b,1489c,1,2,1,1,3,2,2,1,2,2,2,4,1,0,2,2,1,1,2
52,1489a,0367c,0,1,1,1,3,2,2,0,0,2,3,1,1,3,2,2,0,1,2
53,0367a,0367c,1,2,1,1,0,2,2,0,4,2,3,1,1,3,2,2,0,1,2
54,0367b,0367c,1,1,1,1,0,2,2,1,2,2,3,1,1,3,2,2,0,1,2
55,1517a,1517b,1,2,1,1,1,2,2,0,2,2,1,1,1,3,2,2,0,3,2
56,1517a,1517c,1,2,1,1,1,2,2,0,2,2,3,0,1,0,2,2,1,4,2
57,1517b,1517c,1,1,1,1,3,2,2,0,3,2,3,0,1,0,2,2,1,4,2
58,0381b,1517c,0,3,1,1,0,2,3,0,4,2,3,0,1,0,2,2,1,4,2
59,1517a,0503b,0,2,1,1,1,2,2,0,2,2,2,1,1,1,2,2,1,1,2
60,0503a,0503b,1,2,1,1,0,2,3,0,2,2,2,1,1,1,2,2,1,1,2
61,0331b,0331a,1,3,1,1,0,2,2,0,0,2,3,1,0,0,2,2,3,2,2
62,0331b,0570c,0,3,1,1,0,2,2,0,0,2,3,4,1,1,2,2,0,1,2
63,0560c,0570c,0,1,1,1,0,2,1,1,0,2,3,4,1,1,2,2,0,1,2
64,0331b,1362c,0,3,1,1,0,2,2,0,0,2,3,0,1,0,2,2,0,2,2
65,1362a,1362c,1,3,1,1,3,2,2,0,0,2,3,0,1,0,2,2,0,2,2
66,1362b,1362c,1,2,1,1,3,2,2,0,4,2,3,0,1,0,2,2,0,2,2
67,0367a,0367b,1,2,1,1,0,2,2,0,4,2,1,1,1,0,2,2,1,2,2
68,0379b,0379c,1,3,1,1,0,2,2,0,3,2,2,1,1,2,2,2,0,3,2
69,0379b,0537a,0,3,1,1,0,2,2,0,3,2,3,1,1,3,2,2,2,1,2
70,0379b,0532b,0,3,1,1,0,2,2,0,3,2,2,1,1,3,0,2,0,1,1
71,1441a,0532b,0,1,1,1,1,2,2,2,1,2,2,1,1,3,0,2,0,1,1
72,0458a,0458c,1,2,1,1,0,2,2,1,0,2,3,0,1,0,2,2,0,3,2
73,0458a,0458b,1,2,1,1,0,2,2,1,0,2,3,2,1,3,2,2,1,3,2
74,0458c,0458b,1,3,0,1,0,2,2,0,3,2,3,2,1,3,2,2,1,3,2
75,0458a,1137b,0,2,1,1,0,2,2,1,0,2,3,1,1,3,2,1,0,0,2
76,1137a,1137b,1,1,1,1,0,2,1,0,1,2,3,1,1,3,2,1,0,0,2
77,0458a,1328c,0,2,1,1,0,2,2,1,0,2,1,1,1,3,2,2,2,1,1
78,1328a,1328c,1,3,1,1,2,2,3,0,0,2,1,1,1,3,2,2,2,1,1
79,1328b,1328c,1,1,2,1,0,2,2,3,2,2,1,1,1,3,2,2,2,1,1
80,0565a,0565b,1,2,1,1,3,2,2,1,1,2,2,1,1,0,2,2,1,3,2
81,0565a,0565c,1,2,1,1,3,2,2,1,1,2,2,1,1,1,2,2,0,1,2
82,0565b,0565c,1,2,1,1,0,2,2,1,3,2,2,1,1,1,2,2,0,1,2
83,0565a,0461b,0,2,1,1,3,2,2,1,1,2,2,1,1,0,2,2,2,0,1
84,0461a,0461b,1,3,1,1,3,0,2,0,0,2,2,1,1,0,2,2,2,0,1
85,1181a,0461b,0,1,0,1,0,2,1,0,2,2,2,1,1,0,2,2,2,0,1
86,0565a,1534b,0,2,1,1,3,2,2,1,1,2,1,1,1,3,2,2,1,1,2
87,1254c,1254a,1,1,1,1,0,2,2,1,1,2,1,1,1,1,2,1,3,3,2
88,0313b,1254a,0,2,1,0,2,2,2,0,0,2,1,1,1,1,2,1,3,3,2
89,1254c,1254b,1,1,1,1,0,2,2,1,1,2,2,1,0,2,2,2,1,3,2
90,1253a,1254b,0,3,0,1,0,2,2,3,2,2,2,1,0,2,2,2,1,3,2
91,0421b,1254b,0,2,0,1,1,0,2,0,0,2,2,1,0,2,2,2,1,3,2
92,1254a,1254b,1,1,1,1,1,2,1,3,3,2,2,1,0,2,2,2,1,3,2
93,1362a,1362b,1,3,1,1,3,2,2,0,0,2,2,1,1,3,2,2,0,4,2
94,1362a,1516b,0,3,1,1,3,2,2,0,0,2,2,1,1,1,2,1,0,1,2
95,1516a,1516b,1,2,0,1,0,2,2,1,1,2,2,1,1,1,2,1,0,1,2
96,1362a,0472c,0,3,1,1,3,2,2,0,0,2,2,1,1,1,2,2,3,2,2
97,0472b,0472c,1,2,1,1,0,2,1,1,2,2,2,1,1,1,2,2,3,2,2
98,0472a,0472c,1,3,1,1,3,2,3,0,0,2,2,1,1,1,2,2,3,2,2
99,1362a,1343a,0,3,1,1,3,2,2,0,0,2,2,0,1,0,2,1,0,0,2
100,1362a,0560a,0,3,1,1,3,2,2,0,0,2,2,4,1,0,0,2,0,3,2
101,0560c,0560a,1,1,1,1,0,2,1,1,0,2,2,4,1,0,0,2,0,3,2
102,1362a,1330b,0,3,1,1,3,2,2,0,0,2,2,2,1,3,2,2,0,4,2
103,1330a,1330b,1,3,2,1,3,2,2,0,0,2,2,2,1,3,2,2,0,4,2
104,1446a,1446b,1,1,1,1,3,2,2,1,2,2,1,1,1,1,2,2,0,2,2
105,1446a,1446c,1,1,1,1,3,2,2,1,2,2,3,1,1,3,2,2,0,3,2
106,1446b,1446c,1,1,1,1,1,2,2,0,2,2,3,1,1,3,2,2,0,3,2
107,1454b,1454c,1,2,1,1,3,2,2,1,0,2,1,1,1,0,2,2,0,4,2
108,1454b,1454a,1,2,1,1,3,2,2,1,0,2,2,4,1,3,2,2,1,1,2
109,1454c,1454a,1,1,1,1,0,2,2,0,4,2,2,4,1,3,2,2,1,1,2
110,1454b,1416b,0,2,1,1,3,2,2,1,0,2,2,0,1,0,2,2,1,2,2
111,1455a,1455b,1,3,1,1,0,2,2,1,2,2,2,1,1,1,2,2,0,0,2
112,1455a,1455c,1,3,1,1,0,2,2,1,2,2,2,1,1,3,2,2,1,3,2
113,1455b,1455c,1,2,1,1,1,2,2,0,0,2,2,1,1,3,2,2,1,3,2
114,1510b,1510c,1,1,1,1,0,2,2,1,0,2,2,1,1,1,2,2,0,3,2
115,1510b,1510a,1,1,1,1,0,2,2,1,0,2,1,1,1,0,2,1,0,3,2
116,1510c,1510a,1,2,1,1,1,2,2,0,3,2,1,1,1,0,2,1,0,3,2
117,1534b,1534c,1,1,1,1,3,2,2,1,1,2,3,1,1,0,2,1,0,3,2
118,1534b,1534a,1,1,1,1,3,2,2,1,1,2,2,1,1,1,2,3,1,3,2
119,1534c,1534a,1,3,1,1,0,2,1,0,3,2,2,1,1,1,2,3,1,3,2
120,1540b,1540c,1,1,1,1,0,2,2,1,3,2,1,2,1,0,2,2,1,0,1
121,1300a,1300b,1,1,1,1,1,2,2,0,1,2,2,1,1,0,2,1,0,2,2
122,1300a,1300c,1,1,1,1,1,2,2,0,1,2,3,1,1,0,2,2,1,1,2
123,1300b,1300c,1,2,1,1,0,2,1,0,2,2,3,1,1,0,2,2,1,1,2
124,1300a,0538c,0,1,1,1,1,2,2,0,1,2,2,2,1,0,2,2,2,1,2
125,0538a,0538c,1,2,1,0,3,2,2,1,4,2,2,2,1,0,2,2,2,1,2
126,0538b,0538c,1,1,1,1,3,2,1,2,1,2,2,2,1,0,2,2,2,1,2
127,1300a,1134a,0,1,1,1,1,2,2,0,1,2,2,0,1,3,2,2,1,0,2
128,0584a,1134a,0,1,1,1,1,2,2,0,0,2,2,0,1,3,2,2,1,0,2
129,1309a,1309b,1,0,1,1,0,2,2,0,2,2,2,2,1,3,2,2,0,0,2
130,0374b,1309b,0,1,4,1,3,2,2,0,1,2,2,2,1,3,2,2,0,0,2
131,1489c,1309b,0,2,4,1,0,2,2,1,1,2,2,2,1,3,2,2,0,0,2
132,1309a,1309c,1,0,1,1,0,2,2,0,2,2,1,1,0,1,0,1,0,2,1
133,1309b,1309c,1,2,2,1,3,2,2,0,0,2,1,1,0,1,0,1,0,2,1
134,1402b,1309c,0,1,2,1,3,0,2,1,3,2,1,1,0,1,0,1,0,2,1
135,1309a,1487a,0,0,1,1,0,2,2,0,2,2,2,1,1,3,2,3,0,2,2
136,1453a,1453b,1,1,1,1,3,2,2,0,4,2,3,1,1,3,2,2,1,2,2
137,1453a,1453c,1,1,1,1,3,2,2,0,4,2,2,1,1,0,2,2,0,2,1
138,1453b,1453c,1,3,1,1,3,2,2,1,2,2,2,1,1,0,2,2,0,2,1
139,1482b,1341c,0,1,1,1,3,2,2,1,0,2,2,1,1,2,2,2,1,4,2
140,0491b,1341c,0,2,1,1,0,2,1,1,0,2,2,1,1,2,2,2,1,4,2
141,1164c,1341c,0,3,1,1,3,2,3,0,2,2,2,1,1,2,2,2,1,4,2
142,1341a,1341c,1,0,2,1,0,2,2,0,2,2,2,1,1,2,2,2,1,4,2
143,1341b,1341c,1,2,4,1,0,2,3,0,2,2,2,1,1,2,2,2,1,4,2
144,1518c,1518a,1,2,1,1,0,2,1,0,1,2,2,2,1,3,2,2,0,1,2
145,1518c,1341b,0,2,1,1,0,2,1,0,1,2,2,4,1,0,2,3,0,2,2
146,1341a,1341b,1,0,2,1,0,2,2,0,2,2,2,4,1,0,2,3,0,2,2
147,1518c,0349b,0,2,1,1,0,2,1,0,1,2,0,1,1,3,2,2,3,1,2
148,0600a,0349b,0,2,1,1,0,2,1,0,3,2,0,1,1,3,2,2,3,1,2
149,0349a,0349b,1,3,1,1,1,2,1,0,1,2,0,1,1,3,2,2,3,1,2
150,1518c,1545c,0,2,1,1,0,2,1,0,1,2,2,1,1,3,2,3,0,1,2
151,1545a,1545c,1,0,1,1,0,2,2,1,2,2,2,1,1,3,2,3,0,1,2
152,1545b,1545c,1,2,1,1,0,0,2,0,1,2,2,1,1,3,2,3,0,1,2
153,1543a,1543b,1,3,1,1,0,2,2,0,4,2,2,1,1,2,2,2,1,0,2
154,1543a,1543c,1,3,1,1,0,2,2,0,4,2,1,1,1,1,2,2,0,2,1
155,1543b,1543c,1,2,1,1,2,2,2,1,0,2,1,1,1,1,2,2,0,2,1
156,1543a,1441b,0,3,1,1,0,2,2,0,4,2,2,0,1,0,0,2,0,2,2
157,1441a,1441b,1,1,1,1,1,2,2,2,1,2,2,0,1,0,0,2,0,2,2
158,0584a,0584b,1,1,1,1,1,2,2,0,0,2,2,1,1,1,2,2,1,2,2
159,0584a,0584c,1,1,1,1,1,2,2,0,0,2,0,1,1,0,2,2,0,1,2
160,0584b,0584c,1,2,1,1,1,2,2,1,2,2,0,1,1,0,2,2,0,1,2
161,0584a,1445c,0,1,1,1,1,2,2,0,0,2,2,1,1,0,2,3,0,0,2
162,1565a,1445c,0,2,4,1,3,2,2,0,1,2,2,1,1,0,2,3,0,0,2
163,1445a,1445c,1,0,1,1,3,2,2,0,3,2,2,1,1,0,2,3,0,0,2
164,1445b,1445c,1,2,1,1,2,2,2,0,0,2,2,1,1,0,2,3,0,0,2
165,1127a,1127b,1,1,1,1,3,2,2,1,3,2,3,1,1,0,2,2,1,0,2
166,1127a,1127c,1,1,1,1,3,2,2,1,3,2,2,4,1,0,2,2,0,2,2
167,1127b,1127c,1,3,1,1,0,2,2,1,0,2,2,4,1,0,2,2,0,2,2
168,1284a,1284b,1,2,1,1,0,2,2,1,4,2,1,1,1,3,0,2,0,1,2
169,1284a,1284c,1,2,1,1,0,2,2,1,4,2,3,1,1,0,2,1,1,2,2
170,1320a,1284c,0,1,1,1,3,2,1,0,3,2,3,1,1,0,2,1,1,2,2
171,1284b,1284c,1,1,1,1,3,0,2,0,1,2,3,1,1,0,2,1,1,2,2
172,1360b,1360a,1,2,0,1,0,2,2,0,2,2,3,1,0,2,2,2,0,2,2
173,1329a,1360a,0,1,1,1,3,2,1,1,3,2,3,1,0,2,2,2,0,2,2
174,1562b,1360a,0,1,2,1,0,0,2,0,2,2,3,1,0,2,2,2,0,2,2
175,1360b,1360c,1,2,0,1,0,2,2,0,2,2,0,1,1,2,1,2,1,1,1
176,1360a,1360c,1,3,1,0,2,2,2,0,2,2,0,1,1,2,1,2,1,1,1
177,1364b,1364c,1,3,1,1,3,2,2,1,1,2,2,2,1,0,2,2,1,3,2
178,1364b,1364a,1,3,1,1,3,2,2,1,1,2,2,1,1,2,0,2,0,3,2
179,1364c,1364a,1,2,2,1,0,2,2,1,3,2,2,1,1,2,0,2,0,3,2
180,1364b,1255b,0,3,1,1,3,2,2,1,1,2,1,1,1,1,2,2,1,4,2
181,0355c,1255b,0,1,1,1,1,2,1,0,1,2,1,1,1,1,2,2,1,4,2
182,1255a,1255b,1,1,1,1,0,2,2,1,0,1,1,1,1,1,2,2,1,4,2
183,1490c,1490b,1,0,1,1,3,2,2,0,2,2,1,0,1,3,2,1,0,2,2
184,0562a,1490b,0,0,1,1,3,2,2,1,4,2,1,0,1,3,2,1,0,2,2
185,1490c,1129b,0,0,1,1,3,2,2,0,2,2,3,1,1,0,2,2,1,4,1
186,1129c,1129b,1,1,2,1,3,2,2,0,2,2,3,1,1,0,2,2,1,4,1
187,1543b,1129b,0,2,1,1,2,2,2,1,0,2,3,1,1,0,2,2,1,4,1
188,1129a,1129b,1,3,1,1,0,2,2,3,1,2,3,1,1,0,2,2,1,4,1
189,1490c,0372a,0,0,1,1,3,2,2,0,2,2,1,1,1,3,2,1,0,1,1
190,1329b,0372a,0,1,1,1,3,2,2,3,0,2,1,1,1,3,2,1,0,1,1
191,1472c,0372a,0,2,0,1,3,2,2,1,1,2,1,1,1,3,2,1,0,1,1
192,1490c,1344b,0,0,1,1,3,2,2,0,2,2,3,4,1,3,2,2,0,2,2
193,1344a,1344b,1,1,1,1,0,2,3,0,3,2,3,4,1,3,2,2,0,2,2
194,1491a,1491b,1,3,1,1,0,2,2,1,3,2,2,1,1,0,2,2,0,1,1
195,1491a,1491c,1,3,1,1,0,2,2,1,3,2,1,1,1,1,2,2,1,0,2
196,1491b,1491c,1,2,1,1,0,2,2,0,1,1,1,1,1,1,2,2,1,0,2
197,1491a,1375a,0,3,1,1,0,2,2,1,3,2,1,0,1,1,2,2,0,3,2
198,1375b,1375a,1,1,4,1,3,2,2,0,3,2,1,0,1,1,2,2,0,3,2
199,1375c,1375a,1,3,4,1,0,2,2,0,0,2,1,0,1,1,2,2,0,3,2
200,0402b,1375a,0,3,4,1,3,2,2,1,2,2,1,0,1,1,2,2,0,3,2
201,1491a,1531a,0,3,1,1,0,2,2,1,3,2,2,0,1,0,2,3,0,3,2
202,1531b,1531a,1,2,1,1,3,2,1,1,3,2,2,0,1,0,2,3,0,3,2
203,1531c,1531a,1,3,1,1,0,2,3,1,2,2,2,0,1,0,2,3,0,3,2
204,1491a,1289b,0,3,1,1,0,2,2,1,3,2,1,4,1,3,2,2,0,2,2
205,1289a,1289b,1,2,1,1,0,2,3,0,3,2,1,4,1,3,2,2,0,2,2
206,0321c,0321a,1,2,1,1,2,2,2,0,2,2,2,1,1,3,2,1,1,2,1
207,0434b,0321a,0,1,4,1,0,2,2,0,0,2,2,1,1,3,2,1,1,2,1
208,0372a,0321a,0,1,1,1,3,2,1,0,1,1,2,1,1,3,2,1,1,2,1
209,0321c,0321b,1,2,1,1,2,2,2,0,2,2,3,2,1,3,2,2,1,4,2
210,0321a,0321b,1,2,1,1,3,2,1,1,2,1,3,2,1,3,2,2,1,4,2
211,0451a,0451b,1,2,1,1,0,2,1,0,0,2,2,1,1,3,0,2,1,2,1
212,1513b,0451b,0,2,0,1,3,2,3,0,2,2,2,1,1,3,0,2,1,2,1
213,0451a,0451c,1,2,1,1,0,2,1,0,0,2,1,0,1,1,2,2,0,2,1
214,0451b,0451c,1,2,1,1,3,0,2,1,2,1,1,0,1,1,2,2,0,2,1
215,0451a,1365a,0,2,1,1,0,2,1,0,0,2,3,4,1,3,2,1,0,3,2
216,0571b,1365a,0,0,1,1,0,2,2,0,0,2,3,4,1,3,2,1,0,3,2
217,0577b,1365a,0,2,1,0,3,2,2,1,2,2,3,4,1,3,2,1,0,3,2
218,1365c,1365a,1,2,2,1,1,2,2,1,2,2,3,4,1,3,2,1,0,3,2
219,1296c,1365a,0,1,1,1,3,0,2,1,0,2,3,4,1,3,2,1,0,3,2
220,0451a,1512c,0,2,1,1,0,2,1,0,0,2,2,1,1,1,2,2,1,3,2
221,1512b,1512c,1,2,0,1,0,2,2,0,0,2,2,1,1,1,2,2,1,3,2
222,0503a,1533b,0,2,1,1,0,2,3,0,2,2,1,0,1,0,2,3,0,4,2
223,0503a,1498a,0,2,1,1,0,2,3,0,2,2,0,1,1,1,2,2,1,2,2
224,0503a,1268a,0,2,1,1,0,2,3,0,2,2,2,1,1,0,0,2,0,4,2
225,0561a,0561b,1,2,1,1,3,2,1,0,1,2,3,1,1,3,2,2,0,4,2
226,0561a,1222c,0,2,1,1,3,2,1,0,1,2,0,1,1,0,2,2,1,2,1
227,1512b,1222c,0,2,0,1,0,2,2,0,0,2,0,1,1,0,2,2,1,2,1
228,1135b,1222c,0,3,1,1,0,2,3,1,1,2,0,1,1,0,2,2,1,2,1
229,1528c,1222c,0,0,1,1,3,2,2,0,0,2,0,1,1,0,2,2,1,2,1
230,0571b,0571a,1,0,1,1,0,2,2,0,0,2,2,4,1,3,2,3,0,1,2
231,0571b,0571c,1,0,1,1,0,2,2,0,0,2,1,0,1,1,0,1,0,1,1
232,0571a,0571c,1,2,4,1,3,2,3,0,1,2,1,0,1,1,0,1,0,1,1
233,1220b,0571c,0,0,1,1,1,2,3,1,2,1,1,0,1,1,0,1,0,1,1
234,0600a,0600b,1,2,1,1,0,2,1,0,3,2,0,1,1,3,2,2,0,1,2
235,0600a,0600c,1,2,1,1,0,2,1,0,3,2,3,1,1,3,2,2,1,0,2
236,0600b,0600c,1,0,1,1,3,2,2,0,1,2,3,1,1,3,2,2,1,0,2
237,0600a,1528c,0,2,1,1,0,2,1,0,3,2,0,1,1,3,2,2,0,0,2
238,1137a,1137c,1,1,1,1,0,2,1,0,1,2,2,2,1,3,2,2,0,3,2
239,1486a,1137c,0,1,0,1,0,2,2,0,1,2,2,2,1,3,2,2,0,3,2
240,1137b,1137c,1,3,1,1,3,2,1,0,0,2,2,2,1,3,2,2,0,3,2
241,1230a,1230c,1,0,1,1,0,2,2,0,3,2,2,4,1,3,2,2,0,2,2
242,1230a,1230b,1,0,1,1,0,2,2,0,3,2,1,1,0,3,2,2,1,3,2
243,1230c,1230b,1,2,4,1,3,2,2,0,2,2,1,1,0,3,2,2,1,3,2
244,1452b,1230b,0,1,0,1,3,2,2,0,2,2,1,1,0,3,2,2,1,3,2
245,1230a,0431c,0,0,1,1,0,2,2,0,3,2,2,0,1,0,2,2,2,3,2
246,1230a,1336a,0,0,1,1,0,2,2,0,3,2,0,1,1,2,2,2,0,0,2
247,1230a,0432c,0,0,1,1,0,2,2,0,3,2,3,1,1,0,2,2,2,0,2
248,0432a,0432c,1,3,0,1,3,2,2,1,2,2,3,1,1,0,2,2,2,0,2
249,1248a,1248b,1,2,1,1,3,2,2,1,4,2,3,1,1,1,2,2,0,0,2
250,1248a,1248c,1,2,1,1,3,2,2,1,4,2,1,1,1,1,2,2,1,2,2
251,1248b,1248c,1,3,1,1,1,2,2,0,0,2,1,1,1,1,2,2,1,2,2
252,1248a,0555b,0,2,1,1,3,2,2,1,4,2,1,1,1,0,1,2,0,2,2
253,0321a,0555b,0,2,1,1,3,2,1,1,2,1,1,1,1,0,1,2,0,2,2
254,1248a,1252b,0,2,1,1,3,2,2,1,4,2,2,2,1,3,2,2,1,1,2
255,1252a,1252b,1,3,1,1,3,2,3,0,3,2,2,2,1,3,2,2,1,1,2
256,1335a,1335b,1,2,1,1,0,2,3,0,1,2,2,2,1,0,2,2,3,2,2
257,1335a,1335c,1,2,1,1,0,2,3,0,1,2,2,1,1,3,2,2,2,1,1
258,1335b,1335c,1,2,2,1,0,2,2,3,2,2,2,1,1,3,2,2,2,1,1
259,1378b,1378c,1,3,1,1,3,2,2,1,3,2,1,1,1,3,2,1,0,2,2
260,1378b,1378a,1,3,1,1,3,2,2,1,3,2,3,4,1,3,2,3,0,0,2
261,1378c,1378a,1,1,1,1,3,2,1,0,2,2,3,4,1,3,2,3,0,0,2
262,1378b,1444b,0,3,1,1,3,2,2,1,3,2,1,0,1,1,2,2,0,0,1
263,1444a,1444b,1,0,1,1,0,2,3,0,3,2,1,0,1,1,2,2,0,0,1
264,1378b,0477b,0,3,1,1,3,2,2,1,3,2,2,1,1,1,2,3,0,2,2
265,1309b,0477b,0,2,2,1,3,2,2,0,0,2,2,1,1,1,2,3,0,2,2
266,0477a,0477b,1,2,1,1,1,2,1,0,0,2,2,1,1,1,2,3,0,2,2
267,1432c,1432a,1,2,2,1,0,2,2,0,2,2,2,4,1,0,2,1,0,1,2
268,1432c,1432b,1,2,2,1,0,2,2,0,2,2,3,1,1,0,1,2,1,4,2
269,1432a,1432b,1,2,4,1,0,2,1,0,1,2,3,1,1,0,1,2,1,4,2
270,1273a,1432b,0,1,2,1,0,0,2,1,0,2,3,1,1,0,1,2,1,4,2
271,1432c,1131a,0,2,2,1,0,2,2,0,2,2,1,1,1,1,2,1,0,0,2
272,1413a,1131a,0,2,1,1,1,2,3,0,1,2,1,1,1,1,2,1,0,0,2
273,1481a,1481b,1,3,1,1,1,2,2,0,3,2,2,1,1,1,2,2,1,0,2
274,1487a,1487c,1,2,1,1,3,2,3,0,2,2,3,1,1,3,0,1,0,0,1
275,1222c,1487c,0,0,1,1,0,2,2,1,2,1,3,1,1,3,0,1,0,0,1
276,1487a,1236a,0,2,1,1,3,2,3,0,2,2,3,0,1,3,2,2,0,3,2
277,1487a,1512b,0,2,1,1,3,2,3,0,2,2,2,0,1,0,2,2,0,0,2
278,1512b,1413b,0,2,0,1,0,2,2,0,0,2,0,1,1,0,2,1,0,2,2
279,1413a,1413b,1,2,1,1,1,2,3,0,1,2,0,1,1,0,2,1,0,2,2
280,1512b,1371c,0,2,0,1,0,2,2,0,0,2,2,1,1,0,2,3,2,3,2
281,1565a,1565b,1,2,4,1,3,2,2,0,1,2,2,1,1,3,0,2,0,2,2
282,1565a,1565c,1,2,4,1,3,2,2,0,1,2,2,1,1,0,2,2,2,2,2
283,1565b,1565c,1,2,1,1,3,0,2,0,2,2,2,1,1,0,2,2,2,2,2
284,0338b,0338a,1,2,1,1,3,2,1,0,3,2,2,4,1,0,2,3,0,1,2
285,0338b,0338c,1,2,1,1,3,2,1,0,3,2,0,1,1,3,2,2,1,2,1
286,0576c,0338c,0,2,4,1,1,2,2,0,2,2,0,1,1,3,2,2,1,2,1
287,1442a,0338c,0,3,2,1,0,2,2,0,1,2,0,1,1,3,2,2,1,2,1
288,0338a,0338c,1,2,4,1,0,2,3,0,1,2,0,1,1,3,2,2,1,2,1
289,0571a,0338c,0,2,4,1,3,2,3,0,1,2,0,1,1,3,2,2,1,2,1
290,0422a,0422b,1,1,1,1,0,2,1,0,0,2,2,4,1,0,2,2,0,3,2
291,0422a,0422c,1,1,1,1,0,2,1,0,0,2,2,0,1,0,2,2,0,3,2
292,0422b,0422c,1,2,4,1,0,2,2,0,3,2,2,0,1,0,2,2,0,3,2
293,0422a,1119c,0,1,1,1,0,2,1,0,0,2,2,1,1,3,2,2,1,2,1
294,1119a,1119c,1,1,1,1,0,0,2,0,1,2,2,1,1,3,2,2,1,2,1
295,1119b,1119c,1,1,1,1,3,2,3,0,1,2,2,1,1,3,2,2,1,2,1
296,0472b,0472a,1,2,1,1,0,2,1,1,2,2,3,1,1,3,2,3,0,0,2
297,0363c,0472a,0,1,1,1,0,2,2,3,0,2,3,1,1,3,2,3,0,0,2
298,0472b,1545b,0,2,1,1,0,2,1,1,2,2,2,1,1,0,0,2,0,1,2
299,1545a,1545b,1,0,1,1,0,2,2,1,2,2,2,1,1,0,0,2,0,1,2
300,1227a,1227b,1,1,1,1,3,2,1,0,1,2,3,1,1,3,2,1,0,4,2
301,1176b,1227b,0,1,4,1,1,2,2,0,2,2,3,1,1,3,2,1,0,4,2
302,1227a,0532c,0,1,1,1,3,2,1,0,1,2,2,2,1,3,2,3,0,2,2
303,0532b,0532c,1,2,1,1,3,0,2,0,1,1,2,2,1,3,2,3,0,2,2
304,0379c,0532c,0,2,1,1,2,2,2,0,3,2,2,2,1,3,2,3,0,2,2
305,1382c,1382b,1,2,2,1,0,2,2,0,1,2,2,1,1,0,0,2,0,0,2
306,1382c,1382a,1,2,2,1,0,2,2,0,1,2,2,0,1,0,2,2,1,3,2
307,1382b,1382a,1,2,1,1,0,0,2,0,0,2,2,0,1,0,2,2,1,3,2
308,1382c,1513b,0,2,2,1,0,2,2,0,1,2,2,0,1,3,2,3,0,2,2
309,1445a,1445b,1,0,1,1,3,2,2,0,3,2,2,1,1,2,2,2,0,0,2
310,1486a,1486b,1,1,0,1,0,2,2,0,1,2,2,0,1,0,2,3,1,4,2
311,0321a,1486b,0,2,1,1,3,2,1,1,2,1,2,0,1,0,2,3,1,4,2
312,1374b,1486b,0,1,1,1,0,2,2,2,2,1,2,0,1,0,2,3,1,4,2
313,0381c,1486b,0,1,4,1,3,2,3,0,2,2,2,0,1,0,2,3,1,4,2
314,1486a,0567b,0,1,0,1,0,2,2,0,1,2,1,2,1,0,2,2,1,2,1
315,1274a,0567b,0,1,1,1,1,2,2,0,3,2,1,2,1,0,2,2,1,2,1
316,1486a,1307b,0,1,0,1,0,2,2,0,1,2,3,4,1,0,2,3,1,1,2
317,1307a,1307b,1,1,1,1,3,2,2,0,1,1,3,4,1,0,2,3,1,1,2
318,1328a,1307b,0,3,1,1,2,2,3,0,0,2,3,4,1,0,2,3,1,1,2
319,0553b,1307b,0,2,1,1,0,0,2,1,1,1,3,4,1,0,2,3,1,1,2
320,1545a,1320a,0,0,1,1,0,2,2,1,2,2,1,1,1,3,2,1,0,3,2
321,1545a,1099a,0,0,1,1,0,2,2,1,2,2,2,1,1,3,0,2,2,3,2
322,1243a,1099a,0,1,0,1,3,2,2,1,3,2,2,1,1,3,0,2,2,3,2
323,1545a,1494b,0,0,1,1,0,2,2,1,2,2,2,1,1,0,2,1,1,4,2
324,1494a,1494b,1,1,0,1,1,2,2,0,1,2,2,1,1,0,2,1,1,4,2
325,1545a,1123b,0,0,1,1,0,2,2,1,2,2,0,2,1,0,2,2,1,1,2
326,0319a,1123b,0,2,4,1,0,2,3,1,2,2,0,2,1,0,2,2,1,1,2
327,1123c,1123b,1,3,4,1,3,2,2,1,4,2,0,2,1,0,2,2,1,1,2
328,1282b,1282c,1,2,2,1,3,2,2,0,2,2,1,1,2,3,2,2,1,2,2
329,1494a,1282c,0,1,0,1,1,2,2,0,1,2,1,1,2,3,2,2,1,2,2
330,1350a,1282c,0,3,1,1,0,2,3,1,2,1,1,1,2,3,2,2,1,2,2
331,1282b,1552c,0,2,2,1,3,2,2,0,2,2,3,1,1,1,2,1,1,3,2
332,1552a,1552c,1,3,0,1,1,2,2,1,1,2,3,1,1,1,2,1,1,3,2
333,1552b,1552c,1,2,1,1,3,2,1,1,1,1,3,1,1,1,2,1,1,3,2
334,1289a,1289c,1,2,1,1,0,2,3,0,3,2,1,1,1,3,2,2,1,4,2
335,1289b,1289c,1,1,4,1,3,2,2,0,2,2,1,1,1,3,2,2,1,4,2
336,1565b,1424a,0,2,1,1,3,0,2,0,2,2,3,4,1,0,2,2,1,2,2
337,1565b,1413a,0,2,1,1,3,0,2,0,2,2,2,1,1,1,2,3,0,1,2
338,0552a,0552b,1,2,1,1,0,2,2,1,2,1,2,0,1,3,2,2,0,0,2
339,0552a,0552c,1,2,1,1,0,2,2,1,2,1,1,2,1,0,2,2,0,2,2
340,0552b,0552c,1,2,0,1,3,2,2,0,0,2,1,2,1,0,2,2,0,2,2
341,0552a,0365a,0,2,1,1,0,2,2,1,2,1,0,2,1,0,2,2,0,1,2
342,1344a,0365a,0,1,1,1,0,2,3,0,3,2,0,2,1,0,2,2,0,1,2
343,1307a,1303c,0,1,1,1,3,2,2,0,1,1,3,4,1,0,2,2,0,4,2
344,1393a,1303c,0,2,4,1,0,2,2,0,4,2,3,4,1,0,2,2,0,4,2
345,1492a,1492b,1,1,1,1,3,2,1,0,0,2,2,2,1,0,2,2,0,0,2
346,1492a,1492c,1,1,1,1,3,2,1,0,0,2,1,1,1,3,2,3,0,2,2
347,1492b,1492c,1,2,2,1,0,2,2,0,0,2,1,1,1,3,2,3,0,2,2
348,0366a,0366b,1,2,4,1,3,2,2,0,3,2,3,1,2,4,3,2,0,2,2
349,1394c,0366b,0,3,2,1,0,2,2,3,2,1,3,1,2,4,3,2,0,2,2
350,1271a,0366b,0,1,1,1,2,0,1,1,4,1,3,1,2,4,3,2,0,2,2
351,0434b,0434c,1,1,4,1,0,2,2,0,0,2,0,1,0,2,2,3,0,3,2
352,0413b,0434c,0,1,1,1,3,0,1,2,2,1,0,1,0,2,2,3,0,3,2
353,1340c,0434c,0,1,0,0,0,2,1,1,2,2,0,1,0,2,2,3,0,3,2
354,0434b,0434a,1,1,4,1,0,2,2,0,0,2,3,0,0,2,0,3,3,0,2
355,0434c,0434a,1,0,1,0,2,2,3,0,3,2,3,0,0,2,0,3,3,0,2
356,0496f,0496c,1,2,4,1,0,2,2,1,2,2,3,4,1,3,2,2,0,1,2
357,0496f,0496d,1,2,4,1,0,2,2,1,2,2,2,1,1,1,2,2,0,1,1
358,0496c,0496d,1,3,4,1,3,2,2,0,1,2,2,1,1,1,2,2,0,1,1
359,0496f,0496a,1,2,4,1,0,2,2,1,2,2,3,4,1,0,2,3,1,2,2
360,0496c,0496a,1,3,4,1,3,2,2,0,1,2,3,4,1,0,2,3,1,2,2
361,0496d,0496a,1,2,1,1,1,2,2,0,1,1,3,4,1,0,2,3,1,2,2
362,0496f,0496e,1,2,4,1,0,2,2,1,2,2,2,1,0,1,2,3,0,2,2
363,0496c,0496e,1,3,4,1,3,2,2,0,1,2,2,1,0,1,2,3,0,2,2
364,0496d,0496e,1,2,1,1,1,2,2,0,1,1,2,1,0,1,2,3,0,2,2
365,0496a,0496e,1,3,4,1,0,2,3,1,2,2,2,1,0,1,2,3,0,2,2
366,0496f,1409b,0,2,4,1,0,2,2,1,2,2,1,1,1,3,2,3,3,1,2
367,0496f,0351c,0,2,4,1,0,2,2,1,2,2,1,0,1,0,2,2,1,2,2
368,0496f,1554c,0,2,4,1,0,2,2,1,2,2,3,0,1,3,2,2,1,1,2
369,1554a,1554c,1,2,1,1,2,2,1,0,1,2,3,0,1,3,2,2,1,1,2
370,1554b,1554c,1,2,1,1,1,2,2,1,1,1,3,0,1,3,2,2,1,1,2
371,1416b,1416a,1,2,0,1,0,2,2,1,2,2,1,1,1,3,2,1,0,4,2
372,1416b,1416c,1,2,0,1,0,2,2,1,2,2,1,4,1,3,2,3,1,4,2
373,1416a,1416c,1,1,1,1,3,2,1,0,4,2,1,4,1,3,2,3,1,4,2
374,0510c,1416c,0,3,1,1,1,2,1,1,0,2,1,4,1,3,2,3,1,4,2
375,0597b,1416c,0,2,4,1,3,2,3,0,3,2,1,4,1,3,2,3,1,4,2
376,1096a,1416c,0,2,1,1,1,2,3,0,4,2,1,4,1,3,2,3,1,4,2
377,1416b,0353a,0,2,0,1,0,2,2,1,2,2,2,1,1,3,1,2,0,2,2
378,1447a,0353a,0,2,1,1,3,2,1,1,0,2,2,1,1,3,1,2,0,2,2
379,0363c,0353a,0,1,1,1,0,2,2,3,0,2,2,1,1,3,1,2,0,2,2
380,0374b,0374c,1,1,4,1,3,2,2,0,1,2,2,1,1,3,2,2,3,0,2
381,0374b,0374a,1,1,4,1,3,2,2,0,1,2,2,2,0,0,2,1,3,3,2
382,0374c,0374a,1,2,1,1,3,2,2,3,0,2,2,2,0,0,2,1,3,3,2
383,0544b,0544a,1,2,1,1,3,2,3,0,0,2,0,1,1,0,2,2,0,1,1
384,1364c,0544a,0,2,2,1,0,2,2,1,3,2,0,1,1,0,2,2,0,1,1
385,0544b,0544c,1,2,1,1,3,2,3,0,0,2,1,4,1,3,2,2,2,0,1
386,0544a,0544c,1,0,1,1,0,2,2,0,1,1,1,4,1,3,2,2,2,0,1
387,1502b,0544c,0,3,4,1,3,2,2,0,4,2,1,4,1,3,2,2,2,0,1
388,0579a,0579c,1,1,0,1,3,2,2,0,1,2,2,1,1,0,2,2,1,0,1
389,0579a,0345a,0,1,0,1,3,2,2,0,1,2,0,1,1,0,0,2,0,2,2
390,1320a,1320b,1,1,1,1,3,2,1,0,3,2,3,1,1,0,2,1,0,0,2
391,1320a,1320c,1,1,1,1,3,2,1,0,3,2,2,2,1,0,2,2,0,3,2
392,1320b,1320c,1,3,1,1,0,2,1,0,0,2,2,2,1,0,2,2,0,3,2
393,1320a,0483a,0,1,1,1,3,2,1,0,3,2,2,2,1,3,2,2,0,1,1
394,1320a,0363c,0,1,1,1,3,2,1,0,3,2,1,1,1,0,2,2,3,0,2
395,1334a,1334c,1,3,1,1,0,2,3,0,2,2,3,4,1,3,2,3,1,2,2
396,0897c,1334c,0,2,4,1,3,2,3,1,3,2,3,4,1,3,2,3,1,2,2
397,0313b,1334c,0,2,1,0,2,2,2,0,0,2,3,4,1,3,2,3,1,2,2
398,1334a,0550b,0,3,1,1,0,2,3,0,2,2,3,0,1,0,2,2,0,4,2
399,0550a,0550b,1,3,4,1,3,2,2,0,0,2,3,0,1,0,2,2,0,4,2
400,1334a,0334c,0,3,1,1,0,2,3,0,2,2,1,4,1,3,0,2,0,0,2
401,1433a,0334c,0,2,2,1,0,2,2,1,0,2,1,4,1,3,0,2,0,0,2
402,0334a,0334c,1,2,0,1,0,2,3,0,0,2,1,4,1,3,0,2,0,0,2
403,0334b,0334c,1,2,0,1,0,2,2,3,1,2,1,4,1,3,0,2,0,0,2
404,1334a,1477c,0,3,1,1,0,2,3,0,2,2,3,1,1,2,2,2,1,0,1
405,0334b,1477c,0,2,0,1,0,2,2,3,1,2,3,1,1,2,2,2,1,0,1
406,1477a,1477c,1,3,0,1,3,2,1,1,0,2,3,1,1,2,2,2,1,0,1
407,1477b,1477c,1,1,1,1,1,0,2,0,1,1,3,1,1,2,2,2,1,0,1
408,1334a,0375a,0,3,1,1,0,2,3,0,2,2,3,0,1,3,2,2,0,4,2
409,1370a,1370b,1,2,1,1,3,0,2,0,1,2,1,0,1,0,2,2,0,3,2
410,1370a,1370c,1,2,1,1,3,0,2,0,1,2,3,1,1,1,2,2,1,1,2
411,1370b,1370c,1,1,0,1,0,2,2,0,3,2,3,1,1,1,2,2,1,1,2
412,1426b,1426c,1,2,1,1,0,2,1,0,4,2,1,0,1,0,2,3,1,2,2
413,1411a,1426c,0,2,0,1,1,2,2,1,1,2,1,0,1,0,2,3,1,2,2
414,1426b,1426a,1,2,1,1,0,2,1,0,4,2,2,0,1,1,2,2,1,2,1
415,1413a,1426a,0,2,1,1,1,2,3,0,1,2,2,0,1,1,2,2,1,2,1
416,0592b,1426a,0,1,2,1,1,2,2,0,2,2,2,0,1,1,2,2,1,2,1
417,1426c,1426a,1,1,0,1,0,2,3,1,2,2,2,0,1,1,2,2,1,2,1
418,0307c,1426a,0,1,1,1,1,2,2,2,3,2,2,0,1,1,2,2,1,2,1
419,1426b,1421a,0,2,1,1,0,2,1,0,4,2,1,0,1,0,2,2,3,3,2
420,1463a,1463b,1,2,1,1,0,2,2,1,1,1,3,1,1,3,2,1,0,1,2
421,1463a,1463c,1,2,1,1,0,2,2,1,1,1,1,2,1,0,2,2,0,1,2
422,1463b,1463c,1,3,1,1,3,2,1,0,1,2,1,2,1,0,2,2,0,1,2
423,1468a,1468b,1,1,1,1,2,2,2,0,0,2,3,1,1,2,2,2,1,3,2
424,1468a,1468c,1,1,1,1,2,2,2,0,0,2,1,2,1,3,2,2,0,4,2
425,1219a,1468c,0,3,1,1,1,2,1,0,0,2,1,2,1,3,2,2,0,4,2
426,1468b,1468c,1,3,1,1,2,2,2,1,3,2,1,2,1,3,2,2,0,4,2
427,1468a,1495c,0,1,1,1,2,2,2,0,0,2,1,1,1,0,0,2,1,2,1
428,1495a,1495c,1,2,1,0,3,2,1,0,3,2,1,1,1,0,0,2,1,2,1
429,1495b,1495c,1,1,1,1,2,2,1,1,0,2,1,1,1,0,0,2,1,2,1
430,1483a,1483b,1,2,1,1,3,2,3,0,3,2,3,4,1,0,2,2,0,1,2
431,1483a,1483c,1,2,1,1,3,2,3,0,3,2,1,1,1,1,0,1,0,1,1
432,1483b,1483c,1,3,4,1,0,2,2,0,1,2,1,1,1,1,0,1,0,1,1
433,0570c,1483c,0,3,4,1,1,2,2,0,1,2,1,1,1,1,0,1,0,1,1
434,0301c,1483c,0,3,1,1,4,0,2,0,1,2,1,1,1,1,0,1,0,1,1
435,1488a,1488c,1,1,1,1,0,2,3,0,0,2,3,0,1,0,2,2,0,1,2
436,1488a,1488b,1,1,1,1,0,2,3,0,0,2,2,2,1,0,0,2,1,1,1
437,1488c,1488b,1,3,0,1,0,2,2,0,1,2,2,2,1,0,0,2,1,1,1
438,0451b,1488b,0,2,1,1,3,0,2,1,2,1,2,2,1,0,0,2,1,1,1
439,1378a,1488b,0,3,4,1,3,2,3,0,0,2,2,2,1,0,0,2,1,1,1
440,1534c,0896a,0,3,1,1,0,2,1,0,3,2,3,1,1,1,2,3,0,3,2
441,0491b,0491c,1,2,1,1,0,2,1,1,0,2,2,2,1,0,2,2,0,4,2
442,0491b,0491a,1,2,1,1,0,2,1,1,0,2,2,1,1,1,2,1,0,2,1
443,0491c,0491a,1,2,2,1,0,2,2,0,4,2,2,1,1,1,2,1,0,2,1
444,1236c,0491a,0,1,1,1,1,2,3,0,1,2,2,1,1,1,2,1,0,2,1
445,1119a,1119b,1,1,1,1,0,0,2,0,1,2,1,1,1,3,2,3,0,1,2
446,1119a,0562a,0,1,1,1,0,0,2,0,1,2,0,1,1,3,2,2,1,4,2
447,0550b,0562a,0,3,0,1,0,2,2,0,4,2,0,1,1,3,2,2,1,4,2
448,1129c,1129a,1,1,2,1,3,2,2,0,2,2,3,1,1,0,2,2,3,1,2
449,1344a,1368b,0,1,1,1,0,2,3,0,3,2,3,1,1,1,2,2,3,4,2
450,1097a,1368b,0,3,2,1,0,2,2,0,4,2,3,1,1,1,2,2,3,4,2
451,1364a,1368b,0,2,1,1,2,0,2,0,3,2,3,1,1,1,2,2,3,4,2
452,1344a,0475a,0,1,1,1,0,2,3,0,3,2,0,1,1,2,2,2,1,4,2
453,1344a,0510c,0,1,1,1,0,2,3,0,3,2,3,1,1,1,2,1,1,0,2
454,0306a,0306b,1,3,1,1,2,2,2,0,1,2,2,1,0,2,2,2,0,2,2
455,0306a,1325b,0,3,1,1,2,2,2,0,1,2,0,1,1,1,2,2,1,2,1
456,1325a,1325b,1,3,1,1,0,1,2,0,1,2,0,1,1,1,2,2,1,2,1
457,1458a,1458b,1,0,1,1,3,2,2,1,1,2,1,1,1,0,2,2,1,2,1
458,1458a,1458c,1,0,1,1,3,2,2,1,1,2,1,4,1,3,2,2,0,0,2
459,1458b,1458c,1,1,1,1,0,2,2,1,2,1,1,4,1,3,2,2,0,0,2
460,1510a,1458c,0,1,1,1,0,2,1,0,3,2,1,4,1,3,2,2,0,0,2
461,1458a,1447a,0,0,1,1,3,2,2,1,1,2,2,1,1,3,2,1,1,0,2
462,0414a,0414b,1,3,2,1,0,2,2,0,2,2,1,1,1,0,2,1,1,1,2
463,0414a,0414c,1,3,2,1,0,2,2,0,2,2,0,1,1,0,2,2,1,3,2
464,0414b,0414c,1,1,1,1,0,2,1,1,1,2,0,1,1,0,2,2,1,3,2
465,0414a,1476a,0,3,2,1,0,2,2,0,2,2,1,1,1,0,2,1,0,1,1
466,0539a,0539b,1,2,4,1,3,2,2,1,2,2,3,1,1,0,0,2,0,2,2
467,0539a,0539c,1,2,4,1,3,2,2,1,2,2,2,1,1,0,2,2,3,0,2
468,0539b,0539c,1,3,1,1,0,0,2,0,2,2,2,1,1,0,2,2,3,0,2
469,0539a,1433b,0,2,4,1,3,2,2,1,2,2,3,1,1,3,0,2,0,1,2
470,1433a,1433b,1,2,2,1,0,2,2,1,0,2,3,1,1,3,0,2,0,1,2
471,0539a,0318c,0,2,4,1,3,2,2,1,2,2,3,2,1,3,2,2,0,4,2
472,0539a,0560b,0,2,4,1,3,2,2,1,2,2,0,1,1,0,2,2,1,0,1
473,0333b,0560b,0,2,1,1,0,2,3,1,1,2,0,1,1,0,2,2,1,0,1
474,0560c,0560b,1,1,1,1,0,2,1,1,0,2,0,1,1,0,2,2,1,0,1
475,0560a,0560b,1,2,4,1,0,0,2,0,3,2,0,1,1,0,2,2,1,0,1
476,1229c,0560b,0,2,1,0,0,2,2,1,2,2,0,1,1,0,2,2,1,0,1
477,0576c,0576b,1,2,4,1,1,2,2,0,2,2,1,1,1,3,0,2,3,0,2
478,1137b,1563a,0,3,1,1,3,2,1,0,0,2,0,1,1,3,2,3,0,0,2
479,1137b,1549c,0,3,1,1,3,2,1,0,0,2,0,2,1,3,2,2,1,4,2
480,0413a,1549c,0,1,1,1,1,2,3,0,1,1,0,2,1,3,2,2,1,4,2
481,1164c,1164a,1,3,1,1,3,2,3,0,2,2,2,1,0,2,2,1,1,1,2
482,0897c,1164a,0,2,4,1,3,2,3,1,3,2,2,1,0,2,2,1,1,1,2
483,1164c,1164b,1,3,1,1,3,2,3,0,2,2,2,1,1,2,1,2,1,1,2
484,1164a,1164b,1,2,1,0,2,2,1,1,1,2,2,1,1,2,1,2,1,1,2
485,1124c,1164b,0,3,1,1,0,2,0,1,2,2,2,1,1,2,1,2,1,1,2
486,1164c,1521a,0,3,1,1,3,2,3,0,2,2,2,2,1,0,2,2,1,1,2
487,1180a,1180b,1,2,1,1,2,2,2,1,1,2,1,1,1,0,2,2,1,1,1
488,1180a,1180c,1,2,1,1,2,2,2,1,1,2,2,4,1,0,2,3,0,3,2
489,1180b,1180c,1,1,1,1,0,2,2,1,1,1,2,4,1,0,2,3,0,3,2
490,0569c,1180c,0,1,1,1,0,2,2,3,3,2,2,4,1,0,2,3,0,3,2
491,1180a,0575c,0,2,1,1,2,2,2,1,1,2,2,1,1,1,2,3,0,0,2
492,1180a,0402b,0,2,1,1,2,2,2,1,1,2,3,4,1,3,2,2,1,2,2
493,1375b,1375c,1,1,4,1,3,2,2,0,3,2,3,4,1,0,2,2,0,0,2
494,0333b,0333c,1,2,1,1,0,2,3,1,1,2,3,2,1,1,2,1,1,1,2
495,0333b,0333a,1,2,1,1,0,2,3,1,1,2,2,1,1,3,2,1,2,0,1
496,0333c,0333a,1,3,2,1,1,2,1,1,1,2,2,1,1,3,2,1,2,0,1
497,0333b,1567b,0,2,1,1,0,2,3,1,1,2,3,1,0,2,2,2,0,0,2
498,1520a,1567b,0,3,2,1,3,2,2,0,2,2,3,1,0,2,2,2,0,0,2
499,1567c,1567b,1,2,4,1,4,2,2,0,2,2,3,1,0,2,2,2,0,0,2
500,0333b,1495a,0,2,1,1,0,2,3,1,1,2,2,1,0,3,2,1,0,3,2
501,1417c,1495a,0,1,1,1,3,2,2,1,2,1,2,1,0,3,2,1,0,3,2
502,0381a,0381b,1,1,0,1,3,2,2,0,3,2,3,1,1,0,2,3,0,4,2
503,0381a,0381c,1,1,0,1,3,2,2,0,3,2,1,4,1,3,2,3,0,2,2
504,0381b,0381c,1,3,1,1,0,2,3,0,4,2,1,4,1,3,2,3,0,2,2
505,0381a,0538b,0,1,0,1,3,2,2,0,3,2,1,1,1,3,2,1,2,1,2
506,1152b,0538b,0,2,1,1,1,2,3,0,3,2,1,1,1,3,2,1,2,1,2
507,0538a,0538b,1,2,1,0,3,2,2,1,4,2,1,1,1,3,2,1,2,1,2
508,0411c,0411b,1,2,1,1,3,2,1,0,4,2,1,2,1,1,2,2,0,1,2
509,0411c,0411a,1,2,1,1,3,2,1,0,4,2,3,1,1,0,2,1,1,4,2
510,0536a,0411a,0,2,1,1,0,2,3,0,4,2,3,1,1,0,2,1,1,4,2
511,0411b,0411a,1,1,2,1,1,2,2,0,1,2,3,1,1,0,2,1,1,4,2
512,0411c,0424a,0,2,1,1,3,2,1,0,4,2,1,2,1,3,2,2,0,1,2
513,1352b,1352c,1,2,1,1,3,2,2,2,1,2,2,2,1,0,2,2,1,2,2
514,1352b,1352a,1,2,1,1,3,2,2,2,1,2,2,2,1,1,2,2,1,4,2
515,1352c,1352a,1,2,2,1,0,2,2,1,2,2,2,2,1,1,2,2,1,4,2
516,1180b,1352a,0,1,1,1,0,2,2,1,1,1,2,2,1,1,2,2,1,4,2
517,1393a,1393b,1,2,4,1,0,2,2,0,4,2,2,1,1,3,0,2,0,3,2
518,1393a,1393c,1,2,4,1,0,2,2,0,4,2,1,4,1,0,2,2,1,2,2
519,1393b,1393c,1,2,1,1,3,0,2,0,3,2,1,4,1,0,2,2,1,2,2
520,1394a,1394c,1,2,1,1,3,2,2,1,1,1,3,2,1,0,2,2,3,2,1
521,1394a,1394b,1,2,1,1,3,2,2,1,1,1,3,1,0,1,2,1,1,3,2
522,0550b,1394b,0,3,0,1,0,2,2,0,4,2,3,1,0,1,2,1,1,3,2
523,1155b,1394b,0,1,1,1,3,0,1,1,2,1,3,1,0,1,2,1,1,3,2
524,1394c,1394b,1,3,2,1,0,2,2,3,2,1,3,1,0,1,2,1,1,3,2
525,0351c,0351a,1,1,0,1,0,2,2,1,2,2,1,2,0,0,2,2,0,3,2
526,0351c,0351b,1,1,0,1,0,2,2,1,2,2,1,1,1,1,3,2,1,3,2
527,0351a,0351b,1,1,2,0,0,2,2,0,3,2,1,1,1,1,3,2,1,3,2
528,0351c,0373a,0,1,0,1,0,2,2,1,2,2,3,0,1,0,0,2,0,2,2
529,1551a,0373a,0,0,1,1,0,2,2,3,3,2,3,0,1,0,0,2,0,2,2
530,0424a,0424c,1,1,2,1,3,2,2,0,1,2,2,1,1,0,2,2,3,3,2
531,0424a,1201b,0,1,2,1,3,2,2,0,1,2,2,0,1,0,2,3,0,4,2
532,0313c,1201b,0,0,1,1,3,2,2,1,1,1,2,0,1,0,2,3,0,4,2
533,1201a,1201b,1,0,1,1,0,2,2,2,3,2,2,0,1,0,2,3,0,4,2
534,0496c,0464a,0,3,4,1,3,2,2,0,1,2,1,0,1,3,2,3,1,0,2
535,0496c,1260c,0,3,4,1,3,2,2,0,1,2,3,2,1,0,2,2,1,1,2
536,1260a,1260c,1,0,1,1,1,2,2,0,4,2,3,2,1,0,2,2,1,1,2
537,1260b,1260c,1,2,1,1,1,2,1,1,0,2,3,2,1,0,2,2,1,1,2
538,0496c,1429b,0,3,4,1,3,2,2,0,1,2,2,1,1,0,0,2,0,1,1
539,1257b,1257c,1,3,4,1,0,2,2,0,3,2,0,1,1,3,2,2,0,4,2
540,1257b,1257a,1,3,4,1,0,2,2,0,3,2,2,1,1,2,2,1,0,3,2
541,1257c,1257a,1,0,1,1,3,2,2,0,4,2,2,1,1,2,2,1,0,3,2
542,1257b,0319c,0,3,4,1,0,2,2,0,3,2,2,0,0,0,2,2,0,2,2
543,0319a,0319c,1,2,4,1,0,2,3,1,2,2,2,0,0,0,2,2,0,2,2
544,1502b,0319c,0,3,4,1,3,2,2,0,4,2,2,0,0,0,2,2,0,2,2
545,1447a,1447b,1,2,1,1,3,2,1,1,0,2,1,4,1,0,2,2,2,1,1
546,1447a,1447c,1,2,1,1,3,2,1,1,0,2,1,1,0,1,2,2,2,2,2
547,0555b,1447c,0,1,1,1,0,1,2,0,2,2,1,1,0,1,2,2,2,2,2
548,1447b,1447c,1,1,4,1,0,2,2,2,1,1,1,1,0,1,2,2,2,2,2
549,1447a,1471c,0,2,1,1,3,2,1,1,0,2,1,1,1,0,0,1,1,1,2
550,1471b,1471c,1,1,0,1,0,2,2,0,4,2,1,1,1,0,0,1,1,1,2
551,1174a,1471c,0,1,1,1,1,2,3,0,4,2,1,1,1,0,0,1,1,1,2
552,1447a,1165b,0,2,1,1,3,2,1,1,0,2,0,1,1,2,2,2,1,2,2
553,0458c,1096a,0,3,0,1,0,2,2,0,3,2,2,1,1,1,2,3,0,4,2
554,1284b,1429c,0,1,1,1,3,0,2,0,1,2,0,0,1,3,2,2,0,0,2
555,1429b,1429c,1,2,1,1,0,0,2,0,1,1,0,0,1,3,2,2,0,0,2
556,1284b,1441c,0,1,1,1,3,0,2,0,1,2,1,1,1,1,2,2,1,1,1
557,0550a,1441c,0,3,4,1,3,2,2,0,0,2,1,1,1,1,2,2,1,1,1
558,1441a,1441c,1,1,1,1,1,2,2,2,1,2,1,1,1,1,2,2,1,1,1
559,1441b,1441c,1,2,0,1,0,0,2,0,2,2,1,1,1,1,2,2,1,1,1
560,0477a,1135b,0,2,1,1,1,2,1,0,0,2,3,1,1,0,2,3,1,1,2
561,0592b,1135b,0,1,2,1,1,2,2,0,2,2,3,1,1,0,2,3,1,1,2
562,1180b,0593c,0,1,1,1,0,2,2,1,1,1,1,1,1,1,2,3,0,0,1
563,0593a,0593c,1,3,1,1,0,2,2,3,0,2,1,1,1,1,2,3,0,0,1
564,0551c,0593c,0,3,2,1,0,0,2,0,2,2,1,1,1,1,2,3,0,0,1
565,0593b,0593c,1,3,4,1,0,2,2,3,3,2,1,1,1,1,2,3,0,0,1
566,1442a,1442b,1,3,2,1,0,2,2,0,1,2,2,2,1,3,2,2,1,4,2
567,1442a,1442c,1,3,2,1,0,2,2,0,1,2,1,1,1,0,0,2,0,2,1
568,0461a,1442c,0,3,1,1,3,0,2,0,0,2,1,1,1,0,0,2,0,2,1
569,1442b,1442c,1,2,2,1,3,2,2,1,4,2,1,1,1,0,0,2,0,2,1
570,1531b,1531c,1,2,1,1,3,2,1,1,3,2,3,1,1,0,2,3,1,2,2
571,0536a,0536b,1,2,1,1,0,2,3,0,4,2,1,0,1,2,2,2,0,3,2
572,1267c,0536b,0,1,0,1,0,2,2,0,1,1,1,0,1,2,2,2,0,3,2
573,0536a,0337c,0,2,1,1,0,2,3,0,4,2,3,4,1,1,2,1,1,3,2
574,0381b,0337c,0,3,1,1,0,2,3,0,4,2,3,4,1,1,2,1,1,3,2
575,0375a,0337c,0,3,0,1,3,2,2,0,4,2,3,4,1,1,2,1,1,3,2
576,0337a,0337c,1,2,1,1,3,2,2,3,2,1,3,4,1,1,2,1,1,3,2
577,0337b,0337c,1,3,4,1,3,2,2,3,4,2,3,4,1,1,2,1,1,3,2
578,0445c,0337c,0,2,4,1,3,0,2,0,4,2,3,4,1,1,2,1,1,3,2
579,1153a,1153b,1,0,1,1,1,2,2,0,0,2,0,4,1,3,2,2,1,2,2
580,0429b,1153b,0,1,1,1,3,2,3,1,4,2,0,4,1,3,2,2,1,2,2
581,1274a,1153b,0,1,1,1,1,2,2,0,3,2,0,4,1,3,2,2,1,2,2
582,1153a,1153c,1,0,1,1,1,2,2,0,0,2,2,1,1,0,1,2,0,1,2
583,1153b,1153c,1,0,4,1,3,2,2,1,2,2,2,1,1,0,1,2,0,1,2
584,1153a,0492b,0,0,1,1,1,2,2,0,0,2,2,0,1,0,2,1,1,3,2
585,0492a,0492b,1,3,4,1,1,2,2,0,4,2,2,0,1,0,2,1,1,3,2
586,1402a,1402b,1,2,1,1,1,2,1,0,3,2,1,2,1,3,0,2,1,3,2
587,0350b,1402b,0,2,1,1,3,2,1,1,4,2,1,2,1,3,0,2,1,3,2
588,0597b,1402b,0,2,4,1,3,2,3,0,3,2,1,2,1,3,0,2,1,3,2
589,1417c,1417b,1,1,1,1,3,2,2,1,2,1,3,4,1,0,2,3,0,3,2
590,1417c,1417a,1,1,1,1,3,2,2,1,2,1,1,1,0,0,2,3,1,3,2
591,1204a,1417a,0,0,0,1,0,2,2,1,0,2,1,1,0,0,2,3,1,3,2
592,0363b,1417a,0,1,1,1,1,2,1,0,1,1,1,1,0,0,2,3,1,3,2
593,1417b,1417a,1,3,4,1,0,2,3,0,3,2,1,1,0,0,2,3,1,3,2
594,1417c,1091b,0,1,1,1,3,2,2,1,2,1,1,1,1,0,2,2,2,1,1
595,1520a,1520c,1,3,2,1,3,2,2,0,2,2,2,1,1,3,1,2,0,1,2
596,0307a,1520c,0,2,0,1,3,2,2,0,4,2,2,1,1,3,1,2,0,1,2
597,1520a,1176b,0,3,2,1,3,2,2,0,2,2,1,4,1,1,2,2,0,2,2
598,1521a,1521c,1,2,2,1,0,2,2,1,1,2,0,1,1,2,2,2,1,0,2
599,0411b,1521c,0,1,2,1,1,2,2,0,1,2,0,1,1,2,2,2,1,0,2
600,1521a,1521b,1,2,2,1,0,2,2,1,1,2,3,1,1,3,0,2,3,3,2
601,1521c,1521b,1,0,1,1,2,2,2,1,0,2,3,1,1,3,0,2,3,3,2
602,0597c,0597a,1,1,4,1,0,2,2,1,1,2,3,4,2,0,2,3,3,1,1
603,0597b,0597a,1,2,4,1,3,2,3,0,3,2,3,4,2,0,2,3,3,1,1
604,0344c,0597a,0,1,1,0,2,2,2,1,0,2,3,4,2,0,2,3,3,1,1
605,0597c,1499c,0,1,4,1,0,2,2,1,1,2,2,0,1,3,0,2,1,3,2
606,1499b,1499c,1,2,1,1,2,2,2,3,4,2,2,0,1,3,0,2,1,3,2
607,0355c,0355a,1,1,1,1,1,2,1,0,1,2,3,2,1,3,2,3,0,3,2
608,0515a,0355a,0,1,1,1,3,2,2,2,2,1,3,2,1,3,2,3,0,3,2
609,0355c,0355b,1,1,1,1,1,2,1,0,1,2,1,4,1,0,0,2,1,1,1
610,0355a,0355b,1,3,2,1,3,2,3,0,3,2,1,4,1,0,0,2,1,1,1
611,0355c,1149b,0,1,1,1,1,2,1,0,1,2,2,4,1,3,2,2,1,0,2
612,1149a,1149b,1,1,1,1,0,2,3,1,1,2,2,4,1,3,2,2,1,0,2
613,0396c,0396b,1,3,1,1,0,2,2,3,2,2,2,1,0,1,2,2,1,3,2
614,0307a,0396b,0,2,0,1,3,2,2,0,4,2,2,1,0,1,2,2,1,3,2
615,0319a,0396b,0,2,4,1,0,2,3,1,2,2,2,1,0,1,2,2,1,3,2
616,0353a,0396b,0,2,1,1,3,1,2,0,2,2,2,1,0,1,2,2,1,3,2
617,0396c,1431a,0,3,1,1,0,2,2,3,2,2,3,1,1,3,2,1,3,0,2
618,1431c,1431a,1,3,1,1,3,2,3,1,4,2,3,1,1,3,2,1,3,0,2
619,0550a,0550c,1,3,4,1,3,2,2,0,0,2,2,0,1,1,2,2,0,4,2
620,0550b,0550c,1,3,0,1,0,2,2,0,4,2,2,0,1,1,2,2,0,4,2
621,0550a,1236c,0,3,4,1,3,2,2,0,0,2,1,1,1,1,2,3,0,1,2
622,1236a,1236c,1,3,0,1,3,2,2,0,3,2,1,1,1,1,2,3,0,1,2
623,1366a,1366b,1,3,1,1,0,2,1,1,1,2,2,2,1,3,2,2,1,2,2
624,1366a,1366c,1,3,1,1,0,2,1,1,1,2,0,1,1,0,2,2,1,1,1
625,1366b,1366c,1,2,2,1,3,2,2,1,2,2,0,1,1,0,2,2,1,1,1
626,1413a,1497c,0,2,1,1,1,2,3,0,1,2,2,0,1,3,2,2,3,4,2
627,1497a,1497c,1,0,4,1,0,2,2,1,3,2,2,0,1,3,2,2,3,4,2
628,1497b,1497c,1,2,1,1,0,0,2,1,2,1,2,0,1,3,2,2,3,4,2
629,0307a,0307b,1,2,0,1,3,2,2,0,4,2,3,0,1,0,2,2,1,2,2
630,0307a,0307c,1,2,0,1,3,2,2,0,4,2,1,1,1,1,2,2,2,3,2
631,0307b,0307c,1,3,0,1,0,2,2,1,2,2,1,1,1,1,2,2,2,3,2
632,0307a,0429a,0,2,0,1,3,2,2,0,4,2,2,0,1,3,2,3,0,4,2
633,0429b,0429a,1,1,1,1,3,2,3,1,4,2,2,0,1,3,2,3,0,4,2
634,0307a,1174a,0,2,0,1,3,2,2,0,4,2,1,1,1,1,2,3,0,4,2
635,0363c,0363b,1,1,1,1,0,2,2,3,0,2,1,1,1,1,2,1,0,1,1
636,0363c,0363a,1,1,1,1,0,2,2,3,0,2,0,0,1,1,2,2,1,1,2
637,0363b,0363a,1,1,1,1,1,2,1,0,1,1,0,0,1,1,2,2,1,1,2
638,0363c,0316b,0,1,1,1,0,2,2,3,0,2,2,1,1,3,2,2,2,4,2
639,0531a,0316b,0,2,2,1,1,2,2,0,3,2,2,1,1,3,2,2,2,4,2
640,1176b,1176a,1,1,4,1,1,2,2,0,2,2,2,0,2,4,2,2,1,3,2
641,1255a,1255c,1,1,1,1,0,2,2,1,0,1,2,1,1,0,1,2,0,2,2
642,1255b,1255c,1,1,1,1,1,2,2,1,4,2,2,1,1,0,1,2,0,2,2
643,1502b,1255c,0,3,4,1,3,2,2,0,4,2,2,1,1,0,1,2,0,2,2
644,1255a,0334b,0,1,1,1,0,2,2,1,0,1,2,0,1,0,2,2,3,1,2
645,1267c,0334b,0,1,0,1,0,2,2,0,1,1,2,0,1,0,2,2,3,1,2
646,0334a,0334b,1,2,0,1,0,2,3,0,0,2,2,0,1,0,2,2,3,1,2
647,1255a,1178a,0,1,1,1,0,2,2,1,0,1,3,4,1,3,0,2,0,3,2
648,1234a,1234b,1,3,4,1,3,2,2,0,3,2,3,0,1,1,2,3,0,4,2
649,1231a,1234b,0,1,2,1,0,2,2,1,0,2,3,0,1,1,2,3,0,4,2
650,1234a,1234c,1,3,4,1,3,2,2,0,3,2,2,1,0,2,2,3,0,2,2
651,1086b,1234c,0,0,1,1,1,2,2,1,0,1,2,1,0,2,2,3,0,2,2
652,1234b,1234c,1,3,0,1,1,2,3,0,4,2,2,1,0,2,2,3,0,2,2
653,1234a,1224c,0,3,4,1,3,2,2,0,3,2,1,0,1,1,2,1,1,2,2
654,1234a,1123c,0,3,4,1,3,2,2,0,3,2,3,4,1,3,2,2,1,4,2
655,1236a,1236b,1,3,0,1,3,2,2,0,3,2,3,4,1,0,2,2,1,0,2
656,1236c,1236b,1,1,1,1,1,2,3,0,1,2,3,4,1,0,2,2,1,0,2
657,1149a,1149c,1,1,1,1,0,2,3,1,1,2,1,1,1,3,2,1,3,3,2
658,1149b,1149c,1,2,4,1,3,2,2,1,0,2,1,1,1,3,2,1,3,3,2
659,1416a,0449c,0,1,1,1,3,2,1,0,4,2,1,0,1,3,2,3,0,0,2
660,0491c,1497b,0,2,2,1,0,2,2,0,4,2,2,1,1,0,0,2,1,2,1
661,1497a,1497b,1,0,4,1,0,2,2,1,3,2,2,1,1,0,0,2,1,2,1
662,0491c,1425c,0,2,2,1,0,2,2,0,4,2,1,4,1,1,2,1,0,1,2
663,1134a,1134b,1,2,0,1,3,2,2,1,0,2,3,4,1,1,2,2,0,2,2
664,1134a,1134c,1,2,0,1,3,2,2,1,0,2,2,1,1,0,2,2,3,4,2
665,1134b,1134c,1,3,4,1,1,2,2,0,2,2,2,1,1,0,2,2,3,4,2
666,1144b,1144c,1,1,2,1,0,2,2,1,2,2,1,1,1,2,2,1,0,0,2
667,1144b,1208b,0,1,2,1,0,2,2,1,2,2,1,0,1,0,2,1,0,1,1
668,1208a,1208b,1,0,4,1,0,0,2,0,2,2,1,0,1,0,2,1,0,1,1
669,1144b,1408c,0,1,2,1,0,2,2,1,2,2,0,1,1,0,0,2,0,2,1
670,1325a,1408c,0,3,1,1,0,1,2,0,1,2,0,1,1,0,0,2,0,2,1
671,0340a,1408c,0,3,0,1,0,2,3,1,2,2,0,1,1,0,0,2,0,2,1
672,0475a,1408c,0,0,1,1,2,2,2,1,4,2,0,1,1,0,0,2,0,2,1
673,1424a,1424b,1,3,4,1,0,2,2,1,2,2,3,1,1,0,0,2,0,0,2
674,1424a,1424c,1,3,4,1,0,2,2,1,2,2,1,1,1,3,2,2,1,1,1
675,1424b,1424c,1,3,1,1,0,0,2,0,0,2,1,1,1,3,2,2,1,1,1
676,0307b,1341a,0,3,0,1,0,2,2,1,2,2,0,2,1,0,2,2,0,2,2
677,0307b,0927c,0,3,0,1,0,2,2,1,2,2,2,1,0,2,2,1,0,1,2
678,1178a,0927c,0,3,4,1,3,0,2,0,3,2,2,1,0,2,2,1,0,1,2
679,0927a,0927c,1,1,0,1,0,0,2,0,2,1,2,1,0,2,2,1,0,1,2
680,0927b,0927c,1,1,4,1,1,2,3,1,1,2,2,1,0,2,2,1,0,1,2
681,0569c,0569a,1,1,1,1,0,2,2,3,3,2,1,1,0,2,2,3,0,3,2
682,0411b,0569a,0,1,2,1,1,2,2,0,1,2,1,1,0,2,2,3,0,3,2
683,0319a,0569a,0,2,4,1,0,2,3,1,2,2,1,1,0,2,2,3,0,3,2
684,1471c,0569a,0,1,1,1,0,0,1,1,1,2,1,1,0,2,2,3,0,3,2
685,0569c,0569b,1,1,1,1,0,2,2,3,3,2,0,0,1,2,2,1,1,1,2
686,0569a,0569b,1,1,1,0,2,2,3,0,3,2,0,0,1,2,2,1,1,1,2
687,0569c,0546c,0,1,1,1,0,2,2,3,3,2,2,0,1,3,2,1,3,1,2
688,0314c,0546c,0,1,1,1,3,2,0,0,0,2,2,0,1,3,2,1,3,1,2
689,0472a,0592c,0,3,1,1,3,2,3,0,0,2,1,2,1,1,2,3,0,3,2
690,0592b,0592c,1,1,2,1,1,2,2,0,2,2,1,2,1,1,2,3,0,3,2
691,1567b,0592c,0,3,1,0,2,2,2,0,0,2,1,2,1,1,2,3,0,3,2
692,1268a,1268b,1,2,1,1,0,0,2,0,4,2,1,1,1,0,2,2,1,3,1
693,1268a,1268c,1,2,1,1,0,0,2,0,4,2,2,1,1,3,2,3,0,4,2
694,1268b,1268c,1,1,1,1,0,2,2,1,3,1,2,1,1,3,2,3,0,4,2
695,1433a,1433c,1,2,2,1,0,2,2,1,0,2,1,4,1,0,2,2,1,0,2
696,1433b,1433c,1,3,1,1,3,0,2,0,1,2,1,4,1,0,2,2,1,0,2
697,1433a,1194a,0,2,2,1,0,2,2,1,0,2,3,1,1,1,2,1,1,2,1
698,0457a,1194a,0,2,3,1,3,2,2,0,1,2,3,1,1,1,2,1,1,2,1
699,1129a,0515a,0,3,1,1,0,2,2,3,1,2,1,1,1,3,2,2,2,2,1
700,0550b,0515a,0,3,0,1,0,2,2,0,4,2,1,1,1,3,2,2,2,2,1
701,1131a,1131b,1,1,1,1,1,2,1,0,0,2,2,0,1,1,2,2,0,3,2
702,1131a,1181a,0,1,1,1,1,2,1,0,0,2,1,0,1,0,2,1,0,2,2
703,1252a,1252c,1,3,1,1,3,2,3,0,3,2,1,2,1,0,2,2,1,1,1
704,1252b,1252c,1,2,2,1,3,2,2,1,1,2,1,2,1,0,2,2,1,1,1
705,1252a,1196c,0,3,1,1,3,2,3,0,3,2,1,1,1,1,2,3,3,3,2
706,0365a,1196c,0,0,2,1,0,2,2,0,1,2,1,1,1,1,2,3,3,3,2
707,0321a,1196c,0,2,1,1,3,2,1,1,2,1,1,1,1,1,2,3,3,3,2
708,1196a,1196c,1,0,1,1,3,2,2,2,1,1,1,1,1,1,2,3,3,3,2
709,1196b,1196c,1,0,2,1,0,2,2,1,2,1,1,1,1,1,2,3,3,3,2
710,1391a,1196c,0,3,4,1,3,2,3,0,3,2,1,1,1,1,2,3,3,3,2
711,1329a,1329b,1,1,1,1,3,2,1,1,3,2,1,1,1,3,2,2,3,0,2
712,1329a,1329c,1,1,1,1,3,2,1,1,3,2,0,1,1,0,2,2,3,0,2
713,1329b,1329c,1,1,1,1,3,2,2,3,0,2,0,1,1,0,2,2,3,0,2
714,1329a,1547a,0,1,1,1,3,2,1,1,3,2,2,4,1,1,2,1,0,2,2
715,1531c,1090a,0,3,1,1,0,2,3,1,2,2,2,0,1,1,2,1,0,1,1
716,1090c,1090a,1,0,0,1,3,2,2,0,1,2,2,0,1,1,2,1,0,1,1
717,0373a,1090a,0,3,0,1,0,0,2,0,2,2,2,0,1,1,2,1,0,1,1
718,1196a,1090a,0,0,1,1,3,2,2,2,1,1,2,0,1,1,2,1,0,1,1
719,1494a,1494c,1,1,0,1,1,2,2,0,1,2,3,4,1,3,2,3,3,3,2
720,1494b,1494c,1,2,1,1,0,2,1,1,4,2,3,4,1,3,2,3,3,3,2
721,0457c,1494c,0,0,2,1,0,0,2,0,3,2,3,4,1,3,2,3,3,3,2
722,1498a,1498b,1,0,1,1,1,2,2,1,2,2,2,1,1,1,0,2,0,1,2
723,1498a,1212a,0,0,1,1,1,2,2,1,2,2,2,1,1,0,0,2,2,2,1
724,0334b,1212a,0,2,0,1,0,2,2,3,1,2,2,1,1,0,0,2,2,2,1
725,0335a,0335b,1,1,1,1,2,2,2,1,0,2,3,4,1,0,2,2,1,1,2
726,0335a,0335c,1,1,1,1,2,2,2,1,0,2,3,1,1,0,2,1,1,3,2
727,0335b,0335c,1,3,4,1,0,2,2,1,1,2,3,1,1,0,2,1,1,3,2
728,0349a,1201a,0,3,1,1,1,2,1,0,1,2,0,1,1,0,2,2,2,3,2
729,0314b,0314c,1,0,0,1,0,2,2,0,2,2,1,1,1,3,2,0,0,0,2
730,0336a,0314c,0,1,2,1,3,2,2,1,3,2,1,1,1,3,2,0,0,0,2
731,1504c,0314c,0,0,1,1,0,2,1,0,2,1,1,1,1,3,2,0,0,0,2
732,0314b,0314a,1,0,0,1,0,2,2,0,2,2,1,1,1,0,2,1,2,1,1
733,1194b,0314a,0,2,4,0,1,2,2,0,1,2,1,1,1,0,2,1,2,1,1
734,0314c,0314a,1,1,1,1,3,2,0,0,0,2,1,1,1,0,2,1,2,1,1
735,0314b,1171b,0,0,0,1,0,2,2,0,2,2,2,4,1,3,2,1,1,3,2
736,0314b,1538b,0,0,0,1,0,2,2,0,2,2,2,2,1,3,0,2,0,1,1
737,1538a,1538b,1,1,1,1,3,2,3,1,2,1,2,2,1,3,0,2,0,1,1
738,1538c,1538b,1,0,2,1,0,2,1,1,0,2,2,2,1,3,0,2,0,1,1
739,0567b,1538b,0,1,2,1,0,2,2,1,2,1,2,2,1,3,0,2,0,1,1
740,1152b,1152a,1,2,1,1,1,2,3,0,3,2,3,4,0,2,2,1,0,2,2
741,0471c,1152a,0,0,0,1,3,2,1,1,2,1,3,4,0,2,2,1,0,2,2
742,1152b,1152c,1,2,1,1,1,2,3,0,3,2,0,0,1,1,2,1,1,1,1
743,1152a,1152c,1,3,4,0,2,2,1,0,2,2,0,0,1,1,2,1,1,1,1
744,1451b,1152c,0,3,1,1,3,2,3,3,3,2,0,0,1,1,2,1,1,1,1
745,1152b,0492a,0,2,1,1,1,2,3,0,3,2,3,4,1,1,2,2,0,4,2
746,1152b,1485a,0,2,1,1,1,2,3,0,3,2,3,4,1,0,2,2,2,2,2
747,1329b,0521a,0,1,1,1,3,2,2,3,0,2,2,1,1,1,2,1,3,0,2
748,1409b,0521a,0,1,1,1,3,2,3,3,1,2,2,1,1,1,2,1,3,0,2
749,1329b,0593b,0,1,1,1,3,2,2,3,0,2,3,4,1,0,2,2,3,3,2
750,0593a,0593b,1,3,1,1,0,2,2,3,0,2,3,4,1,0,2,2,3,3,2
751,0381c,0593b,0,1,4,1,3,2,3,0,2,2,3,4,1,0,2,2,3,3,2
752,1373a,0593b,0,3,4,1,3,2,2,2,1,2,3,4,1,0,2,2,3,3,2
753,1201b,0593b,0,2,0,1,0,2,3,0,4,2,3,4,1,0,2,2,3,3,2
754,1329b,0885c,0,1,1,1,3,2,2,3,0,2,2,1,1,0,1,3,0,0,2
755,0593a,0885c,0,3,1,1,0,2,2,3,0,2,2,1,1,0,1,3,0,0,2
756,1329c,0885c,0,0,1,1,0,2,2,3,0,2,2,1,1,0,1,3,0,0,2
757,1330a,1330c,1,3,2,1,3,2,2,0,0,2,1,1,1,2,2,2,1,3,2
758,1330b,1330c,1,2,2,1,3,2,2,0,4,2,1,1,1,2,2,2,1,3,2
759,1330a,1260a,0,3,2,1,3,2,2,0,0,2,0,1,1,1,2,2,0,4,2
760,1330a,0525a,0,3,2,1,3,2,2,0,0,2,1,2,1,3,2,1,1,1,1
761,1567b,0525a,0,3,1,0,2,2,2,0,0,2,1,2,1,3,2,1,1,1,1
762,1451a,1451c,1,1,4,1,3,2,2,0,4,2,0,0,1,0,2,2,0,0,2
763,0531a,1451c,0,2,2,1,1,2,2,0,3,2,0,0,1,0,2,2,0,0,2
764,1451a,1451b,1,1,4,1,3,2,2,0,4,2,3,1,1,3,2,3,3,3,2
765,1451c,1451b,1,0,0,1,0,2,2,0,0,2,3,1,1,3,2,3,3,3,2
766,1236c,1430b,0,1,1,1,1,2,3,0,1,2,1,1,1,1,1,2,0,3,2
767,1430a,1430b,1,2,1,1,0,2,3,3,3,2,1,1,1,1,1,2,0,3,2
768,0461a,0537c,0,3,1,1,3,0,2,0,0,2,2,2,1,3,2,2,2,0,1
769,0537a,0537c,1,3,1,1,3,2,2,2,1,2,2,2,1,3,2,2,2,0,1
770,0537b,0537c,1,2,1,0,3,0,2,1,4,2,2,2,1,3,2,2,2,0,1
771,0461a,0556a,0,3,1,1,3,0,2,0,0,2,2,1,1,1,0,2,0,4,1
772,1361b,1361a,1,1,0,1,3,2,2,0,4,2,1,4,1,0,0,2,3,3,2
773,1506a,1361a,0,2,1,0,3,0,2,1,0,2,1,4,1,0,0,2,3,3,2
774,1361b,1146c,0,1,0,1,3,2,2,0,4,2,3,0,1,3,2,2,1,4,2
775,1146a,1146c,1,0,4,1,0,2,2,1,0,2,3,0,1,3,2,2,1,4,2
776,1146b,1146c,1,2,0,1,3,2,1,1,1,2,3,0,1,3,2,2,1,4,2
777,0544a,0488b,0,0,1,1,0,2,2,0,1,1,2,0,0,0,2,1,0,0,2
778,0510c,0488b,0,3,1,1,1,2,1,1,0,2,2,0,0,0,2,1,0,0,2
779,1352a,0488b,0,2,2,1,1,2,2,1,4,2,2,0,0,0,2,1,0,0,2
780,0592b,1485b,0,1,2,1,1,2,2,0,2,2,0,1,1,3,2,1,1,2,1
781,1485a,1485b,1,3,4,1,0,2,2,2,2,2,0,1,1,3,2,1,1,2,1
782,0592b,0562c,0,1,2,1,1,2,2,0,2,2,3,0,1,3,2,1,0,2,2
783,0562a,0562c,1,0,1,1,3,2,2,1,4,2,3,0,1,3,2,1,0,2,2
784,0592b,1231b,0,1,2,1,1,2,2,0,2,2,0,0,1,0,2,2,0,1,2
785,1231a,1231b,1,1,2,1,0,2,2,1,0,2,0,0,1,0,2,2,0,1,2
786,0593a,1551c,0,3,1,1,0,2,2,3,0,2,2,4,1,3,2,2,3,2,2
787,1551a,1551c,1,0,1,1,0,2,2,3,3,2,2,4,1,3,2,2,3,2,2
788,1551b,1551c,1,1,1,1,0,2,1,1,1,1,2,4,1,3,2,2,3,2,2
789,0593a,1267c,0,3,1,1,0,2,2,3,0,2,1,0,1,0,2,2,0,1,1
790,0345a,1267c,0,0,1,1,0,0,2,0,2,2,1,0,1,0,2,2,0,1,1
791,0537a,0537b,1,3,1,1,3,2,2,2,1,2,2,1,0,3,0,2,1,4,2
792,0456b,0537b,0,0,1,1,1,2,2,0,1,1,2,1,0,3,0,2,1,4,2
793,1303c,1303a,1,3,4,1,0,2,2,0,4,2,3,4,1,0,0,2,0,4,2
794,1303c,1303b,1,3,4,1,0,2,2,0,4,2,3,1,0,2,2,2,0,3,2
795,1303a,1303b,1,3,4,1,0,0,2,0,4,2,3,1,0,2,2,2,0,3,2
796,1303c,0517b,0,3,4,1,0,2,2,0,4,2,3,0,1,3,0,1,0,3,2
797,1460a,1460b,1,2,1,1,1,0,2,0,0,2,2,2,1,3,2,2,1,3,2
798,1231a,1231c,1,1,2,1,0,2,2,1,0,2,1,4,1,3,2,2,1,3,2
799,1231b,1231c,1,0,0,1,0,2,2,0,1,2,1,4,1,3,2,2,1,3,2
800,0350b,0350c,1,2,1,1,3,2,1,1,4,2,2,0,1,0,1,1,0,2,2
801,1237a,0350c,0,2,1,0,1,2,2,0,1,2,2,0,1,0,1,1,0,2,2
802,0350b,0350a,1,2,1,1,3,2,1,1,4,2,3,2,1,0,1,2,1,3,2
803,0924a,0350a,0,2,2,1,3,1,2,1,2,2,3,2,1,0,1,2,1,3,2
804,0350c,0350a,1,2,0,1,0,1,1,0,2,2,3,2,1,0,1,2,1,3,2
805,1219a,1219b,1,3,1,1,1,2,1,0,0,2,2,0,1,0,2,1,0,3,2
806,1219a,1219c,1,3,1,1,1,2,1,0,0,2,2,4,0,1,2,3,0,1,2
807,1219b,1219c,1,2,0,1,0,2,1,0,3,2,2,4,0,1,2,3,0,1,2
808,1219a,0313c,0,3,1,1,1,2,1,0,0,2,0,1,1,3,2,2,1,1,1
809,1219a,1429a,0,3,1,1,1,2,1,0,0,2,1,2,1,2,2,2,1,0,1
810,1429b,1429a,1,2,1,1,0,0,2,0,1,1,1,2,1,2,2,2,1,0,1
811,1429c,1429a,1,0,0,1,3,2,2,0,0,2,1,2,1,2,2,2,1,0,1
812,0328b,1429a,0,0,2,1,1,2,3,0,3,2,1,2,1,2,2,2,1,0,1
813,1114a,1429a,0,2,1,1,3,0,2,2,0,1,1,2,1,2,2,2,1,0,1
814,0531a,0531b,1,2,2,1,1,2,2,0,3,2,2,0,1,3,2,1,0,2,2
815,0531a,0531c,1,2,2,1,1,2,2,0,3,2,1,4,1,1,2,2,0,3,2
816,0531b,0531c,1,2,0,1,3,2,1,0,2,2,1,4,1,1,2,2,0,3,2
817,0531a,1240a,0,2,2,1,1,2,2,0,3,2,1,0,1,3,2,2,3,1,2
818,1448a,1448b,1,2,1,1,0,2,1,0,0,1,1,2,1,3,2,2,1,1,2
819,1448a,1448c,1,2,1,1,0,2,1,0,0,1,3,4,1,3,2,2,1,1,2
820,1448b,1448c,1,1,2,1,3,2,2,1,1,2,3,4,1,3,2,2,1,1,2
821,1554a,1554b,1,2,1,1,2,2,1,0,1,2,2,1,1,1,2,2,1,1,1
822,1554a,0327c,0,2,1,1,2,2,1,0,1,2,1,1,1,1,2,1,1,2,1
823,1482a,0327c,0,2,4,1,3,2,2,3,1,2,1,1,1,1,2,1,1,2,1
824,0381b,1267b,0,3,1,1,0,2,3,0,4,2,2,2,1,2,2,2,0,1,2
825,1267c,1267b,1,1,0,1,0,2,2,0,1,1,2,2,1,2,2,2,0,1,2
826,1267a,1267b,1,2,1,1,0,2,2,2,2,1,2,2,1,2,2,2,0,1,2
827,0570c,0570a,1,3,4,1,1,2,2,0,1,2,2,1,0,3,0,2,1,3,2
828,1405b,0570a,0,1,1,1,0,0,2,1,1,1,2,1,0,3,0,2,1,3,2
829,1409b,0570a,0,1,1,1,3,2,3,3,1,2,2,1,0,3,0,2,1,3,2
830,0577b,1547b,0,2,1,0,3,2,2,1,2,2,2,0,1,1,2,1,0,2,2
831,1547a,1547b,1,2,4,1,1,2,1,0,2,2,2,0,1,1,2,1,0,2,2
832,1181a,1181b,1,1,0,1,0,2,1,0,2,2,2,1,0,2,2,1,1,0,2
833,1181a,1181c,1,1,0,1,0,2,1,0,2,2,2,2,1,0,0,3,0,4,2
834,1181b,1181c,1,2,1,0,2,2,1,1,0,2,2,2,1,0,0,3,0,4,2
835,1444b,1181c,0,1,0,1,1,2,2,0,0,1,2,2,1,0,0,3,0,4,2
836,0459b,1181c,0,2,0,1,0,2,3,1,3,2,2,2,1,0,0,3,0,4,2
837,1260a,1260b,1,0,1,1,1,2,2,0,4,2,2,1,1,1,2,1,1,0,2
838,1343a,1343b,1,2,0,1,0,2,1,0,0,2,2,1,1,0,2,3,1,4,2
839,1343a,1343c,1,2,0,1,0,2,1,0,0,2,0,0,1,1,2,1,0,1,1
840,1343b,1343c,1,2,1,1,0,2,3,1,4,2,0,0,1,1,2,1,0,1,1
841,0488b,1343c,0,2,0,0,0,2,1,0,0,2,0,0,1,1,2,1,0,1,1
842,1475a,1475b,1,1,1,0,0,2,2,1,2,2,3,1,0,3,2,2,0,3,2
843,1475a,1475c,1,1,1,0,0,2,2,1,2,2,3,1,1,3,0,1,3,4,2
844,1475b,1475c,1,3,1,0,3,2,2,0,3,2,3,1,1,3,0,1,3,4,2
845,1267a,1475c,0,2,1,1,0,2,2,2,2,1,3,1,1,3,0,1,3,4,2
846,1486b,1475c,0,2,0,1,0,2,3,1,4,2,3,1,1,3,0,1,3,4,2
847,1475a,1423a,0,1,1,0,0,2,2,1,2,2,3,1,1,1,2,2,2,1,1
848,1476a,1476c,1,1,1,1,0,2,1,0,1,1,1,2,1,3,0,2,1,1,1
849,1230b,1476c,0,1,1,0,3,2,2,1,3,2,1,2,1,3,0,2,1,1,1
850,1257a,1476c,0,2,1,1,2,2,1,0,3,2,1,2,1,3,0,2,1,1,1
851,1476a,1253a,0,1,1,1,0,2,1,0,1,1,3,0,1,0,2,2,3,2,2
852,1444a,1253a,0,0,1,1,0,2,3,0,3,2,3,0,1,0,2,2,3,2,2
853,1490b,1253a,0,1,0,1,3,2,1,0,2,2,3,0,1,0,2,2,3,2,2
854,0316b,0316a,1,2,1,1,3,2,2,2,4,2,2,1,2,3,2,3,1,2,2
855,1371c,0316a,0,2,1,1,0,2,3,2,3,2,2,1,2,3,2,3,1,2,2
856,0316b,1204a,0,2,1,1,3,2,2,2,4,2,0,0,1,0,2,2,1,0,2
857,1411a,1411b,1,2,0,1,1,2,2,1,1,2,3,1,1,3,2,3,1,1,2
858,1411a,1411c,1,2,0,1,1,2,2,1,1,2,0,1,1,3,2,3,0,2,2
859,1411b,1411c,1,3,1,1,3,2,3,1,1,2,0,1,1,3,2,3,0,2,2
860,1491c,1411c,0,1,1,1,1,2,2,1,0,2,0,1,1,3,2,3,0,2,2
861,1468b,0459b,0,3,1,1,2,2,2,1,3,2,2,0,1,0,2,3,1,3,2
862,1468b,1363b,0,3,1,1,2,2,2,1,3,2,0,1,1,1,0,2,0,2,1
863,0375a,0375c,1,3,0,1,3,2,2,0,4,2,2,4,1,4,2,2,2,1,1
864,1425c,0375c,0,1,4,1,1,2,1,0,1,2,2,4,1,4,2,2,2,1,1
865,1486b,0375c,0,2,0,1,0,2,3,1,4,2,2,4,1,4,2,2,2,1,1
866,1364a,0375c,0,2,1,1,2,0,2,0,3,2,2,4,1,4,2,2,2,1,1
867,0375a,0375b,1,3,0,1,3,2,2,0,4,2,1,3,0,1,0,2,0,2,1
868,0375c,0375b,1,2,4,1,4,2,2,2,1,1,1,3,0,1,0,2,0,2,1
869,0375a,1114a,0,3,0,1,3,2,2,0,4,2,2,1,1,3,0,2,2,0,1
870,0375a,1508a,0,3,0,1,3,2,2,0,4,2,2,4,1,0,2,2,3,4,2
871,1508b,1508a,1,1,1,1,0,2,1,1,0,1,2,4,1,0,2,2,3,4,2
872,0375a,1408a,0,3,0,1,3,2,2,0,4,2,3,1,0,3,2,1,0,3,2
873,1408c,1408a,1,0,1,1,0,0,2,0,2,1,3,1,0,3,2,1,0,3,2
874,0489c,0489b,1,1,1,1,1,2,2,1,2,1,1,0,1,0,2,3,3,4,2
875,1257a,0489b,0,2,1,1,2,2,1,0,3,2,1,0,1,0,2,3,3,4,2
876,0489c,0489a,1,1,1,1,1,2,2,1,2,1,1,4,2,0,2,3,1,2,2
877,0319a,0489a,0,2,4,1,0,2,3,1,2,2,1,4,2,0,2,3,1,2,2
878,0489b,0489a,1,1,0,1,0,2,3,3,4,2,1,4,2,0,2,3,1,2,2
879,0489c,1546b,0,1,1,1,1,2,2,1,2,1,3,1,1,0,0,3,0,3,2
880,1219b,1546b,0,2,0,1,0,2,1,0,3,2,3,1,1,0,0,3,0,3,2
881,0301a,1546b,0,1,0,1,0,2,2,1,4,2,3,1,1,0,0,3,0,3,2
882,0458b,1546b,0,3,2,1,3,2,2,1,3,2,3,1,1,0,0,3,0,3,2
883,0489c,1356b,0,1,1,1,1,2,2,1,2,1,2,4,0,2,2,2,0,4,2
884,0521b,1356b,0,1,1,1,0,1,1,0,0,2,2,4,0,2,2,2,0,4,2
885,0412b,1356b,0,3,4,1,3,2,2,3,0,2,2,4,0,2,2,2,0,4,2
886,1219b,0336c,0,2,0,1,0,2,1,0,3,2,3,2,1,2,2,2,0,1,1
887,0336a,0336c,1,1,2,1,3,2,2,1,3,2,3,2,1,2,2,2,0,1,1
888,1090c,0485b,0,0,0,1,3,2,2,0,1,2,2,1,1,0,1,1,0,2,2
889,1237a,1237b,1,2,1,0,1,2,2,0,1,2,3,0,1,1,2,2,0,0,2
890,1237a,1237c,1,2,1,0,1,2,2,0,1,2,2,1,0,2,2,2,0,1,2
891,1237b,1237c,1,3,0,1,1,2,2,0,0,2,2,1,0,2,2,2,0,1,2
892,1365c,1237c,0,2,2,1,1,2,2,1,2,2,2,1,0,2,2,2,0,1,2
893,1237a,0555c,0,2,1,0,1,2,2,0,1,2,3,0,1,1,2,2,0,4,2
894,0372a,0555c,0,1,1,1,3,2,1,0,1,1,3,0,1,1,2,2,0,4,2
895,0555b,0555c,1,1,1,1,0,1,2,0,2,2,3,0,1,1,2,2,0,4,2
896,1365c,1365b,1,2,2,1,1,2,2,1,2,2,0,4,1,3,2,2,1,0,2
897,1444a,1365b,0,0,1,1,0,2,3,0,3,2,0,4,1,3,2,2,1,0,2
898,1365a,1365b,1,3,4,1,3,2,1,0,3,2,0,4,1,3,2,2,1,0,2
899,0365a,0365b,1,0,2,1,0,2,2,0,1,2,2,1,1,3,0,2,0,2,1
900,0365a,0365c,1,0,2,1,0,2,2,0,1,2,0,4,0,3,0,1,1,2,1
901,0365b,0365c,1,2,1,1,3,0,2,0,2,1,0,4,0,3,0,1,1,2,1
902,1336a,1336b,1,0,1,1,2,2,2,0,0,2,3,1,1,3,2,3,0,4,2
903,0575c,1336b,0,2,1,1,1,2,3,0,0,2,3,1,1,3,2,3,0,4,2
904,1336a,1336c,1,0,1,1,2,2,2,0,0,2,0,1,1,0,2,3,0,0,2
905,1336b,1336c,1,3,1,1,3,2,3,0,4,2,0,1,1,0,2,3,0,0,2
906,1336a,1173c,0,0,1,1,2,2,2,0,0,2,1,2,1,3,0,2,0,2,2
907,0896a,1173c,0,3,1,1,1,2,3,0,3,2,1,2,1,3,0,2,0,2,2
908,0338a,1430c,0,2,4,1,0,2,3,0,1,2,0,0,1,3,2,3,0,3,2
909,1430a,1430c,1,2,1,1,0,2,3,3,3,2,0,0,1,3,2,3,0,3,2
910,1430b,1430c,1,1,1,1,1,1,2,0,3,2,0,0,1,3,2,3,0,3,2
911,0301a,0301b,1,1,0,1,0,2,2,1,4,2,1,1,1,2,2,3,0,0,2
912,0301a,0301c,1,1,0,1,0,2,2,1,4,2,3,1,1,4,0,2,0,1,2
913,0301b,0301c,1,1,1,1,2,2,3,0,0,2,3,1,1,4,0,2,0,1,2
914,0301a,1533c,0,1,0,1,0,2,2,1,4,2,1,2,1,3,2,1,0,1,1
915,1533b,1533c,1,1,0,1,0,2,3,0,4,2,1,2,1,3,2,1,0,1,1
916,0449c,1533c,0,1,0,1,3,2,3,0,0,2,1,2,1,3,2,1,0,1,1
917,1444a,1358b,0,0,1,1,0,2,3,0,3,2,3,4,0,1,2,2,0,1,2
918,1267a,1358b,0,2,1,1,0,2,2,2,2,1,3,4,0,1,2,2,0,1,2
919,1358a,1358b,1,2,1,1,1,1,2,0,4,2,3,4,0,1,2,2,0,1,2
920,1513b,1513a,1,2,0,1,3,2,3,0,2,2,2,0,1,3,2,3,0,3,2
921,1513b,1513c,1,2,0,1,3,2,3,0,2,2,1,1,1,0,1,2,1,1,2
922,1513a,1513c,1,2,0,1,3,2,3,0,3,2,1,1,1,0,1,2,1,1,2
923,0372a,0372b,1,1,1,1,3,2,1,0,1,1,1,1,1,3,1,2,1,2,2
924,1174a,0372b,0,1,1,1,1,2,3,0,4,2,1,1,1,3,1,2,1,2,2
925,0457a,0372b,0,2,3,1,3,2,2,0,1,2,1,1,1,3,1,2,1,2,2
926,1267c,1267a,1,1,0,1,0,2,2,0,1,1,2,1,1,0,2,2,2,2,1
927,1261b,1267a,0,3,4,1,0,2,2,0,2,2,2,1,1,0,2,2,2,2,1
928,1267c,0389c,0,1,0,1,0,2,2,0,1,1,2,0,1,0,2,2,3,2,2
929,1129b,0389c,0,3,1,1,0,2,2,1,4,1,2,0,1,0,2,2,3,2,2
930,1267c,1552a,0,1,0,1,0,2,2,0,1,1,3,0,1,1,2,2,1,1,2
931,1475b,0950b,0,3,1,0,3,2,2,0,3,2,1,0,1,3,0,1,0,3,2
932,0950a,0950b,1,2,1,1,3,0,2,2,2,1,1,0,1,3,0,1,0,3,2
933,1222c,1222a,1,0,1,1,0,2,2,1,2,1,2,1,0,2,2,1,0,3,2
934,1222c,1197a,0,0,1,1,0,2,2,1,2,1,1,4,1,3,0,2,1,0,2
935,1429b,0337a,0,2,1,1,0,0,2,0,1,1,2,1,1,3,2,2,3,2,1
936,1429b,1374b,0,2,1,1,0,0,2,0,1,1,1,1,1,0,2,2,2,2,1
937,1429b,0525c,0,2,1,1,0,0,2,0,1,1,1,1,1,2,2,1,2,1,1
938,0525a,0525c,1,1,2,1,3,2,1,1,1,1,1,1,1,2,2,1,2,1,1
939,0525b,0525c,1,2,3,0,0,2,2,0,3,2,1,1,1,2,2,1,2,1,1
940,1461b,1461c,1,2,2,1,0,2,1,0,0,2,2,4,1,3,2,1,0,3,2
941,1461b,1461a,1,2,2,1,0,2,1,0,0,2,1,0,1,1,2,0,0,1,2
942,1461c,1461a,1,2,4,1,3,2,1,0,3,2,1,0,1,1,2,0,0,1,2
943,0327c,1461a,0,1,1,1,1,2,1,1,2,1,1,0,1,1,2,0,0,1,2
944,0896a,0896c,1,3,1,1,1,2,3,0,3,2,1,1,1,0,2,3,1,4,2
945,0318c,0318b,1,3,2,1,3,2,2,0,4,2,1,2,1,0,0,2,0,0,2
946,0365b,0507c,0,2,1,1,3,0,2,0,2,1,3,4,1,1,2,1,0,1,2
947,0507a,0507c,1,1,1,1,3,0,2,1,2,1,3,4,1,1,2,1,0,1,2
948,0507b,0507c,1,0,1,1,3,2,1,1,4,2,3,4,1,1,2,1,0,1,2
949,0334a,0380a,0,2,0,1,0,2,3,0,0,2,1,4,1,3,2,2,3,1,2
950,0550c,0380a,0,2,0,1,1,2,2,0,4,2,1,4,1,3,2,2,3,1,2
951,1267a,0535a,0,2,1,1,0,2,2,2,2,1,2,4,1,1,2,2,2,1,1
952,1480c,0535a,0,0,0,1,1,2,2,1,2,2,2,4,1,1,2,2,2,1,1
953,0571a,1430a,0,2,4,1,3,2,3,0,1,2,2,1,1,0,2,3,3,3,2
954,0571a,0530a,0,2,4,1,3,2,3,0,1,2,2,4,1,0,2,3,3,4,2
955,1442b,0354a,0,2,2,1,3,2,2,1,4,2,2,1,1,4,2,1,0,4,2
956,0354b,0354a,1,3,1,1,0,2,3,1,4,2,2,1,1,4,2,1,0,4,2
957,0321b,0354a,0,3,2,1,3,2,2,1,4,2,2,1,1,4,2,1,0,4,2
958,1165b,1165c,1,0,1,1,2,2,2,1,2,2,3,0,2,4,0,2,3,2,2
959,0897c,1165c,0,2,4,1,3,2,3,1,3,2,3,0,2,4,0,2,3,2,2
960,0556c,1165c,0,0,1,0,1,0,3,1,0,1,3,0,2,4,0,2,3,2,2
961,0892c,1165c,0,3,2,0,2,2,2,1,0,2,3,0,2,4,0,2,3,2,2
962,1165b,1204b,0,0,1,1,2,2,2,1,2,2,2,1,1,3,1,3,0,4,2
963,1551a,1204b,0,0,1,1,0,2,2,3,3,2,2,1,1,3,1,3,0,4,2
964,1204a,1204b,1,0,0,1,0,2,2,1,0,2,2,1,1,3,1,3,0,4,2
965,0556a,1204b,0,2,1,1,1,0,2,0,4,1,2,1,1,3,1,3,0,4,2
966,0483a,0483b,1,2,2,1,3,2,2,0,1,1,1,1,1,0,0,3,1,2,1
967,1391b,0888c,0,3,4,1,0,2,2,1,4,2,0,1,1,0,0,2,1,1,1
968,1090a,0888c,0,2,0,1,1,2,1,0,1,1,0,1,1,0,0,2,1,1,1
969,1391b,1036b,0,3,4,1,0,2,2,1,4,2,2,2,0,2,2,2,0,0,2
970,1484b,1484c,1,1,1,1,0,2,1,1,2,1,1,1,1,0,0,1,2,2,1
971,1426a,1484c,0,2,0,1,1,2,2,1,2,1,1,1,1,0,0,1,2,2,1
972,1417a,1484c,0,1,1,0,0,2,3,1,3,2,1,1,1,0,0,1,2,2,1
973,0510c,0510b,1,3,1,1,1,2,1,1,0,2,0,1,1,3,0,3,3,3,1
974,0522b,0510b,0,2,1,0,2,2,2,0,4,2,0,1,1,3,0,3,3,3,1
975,1234b,0510b,0,3,0,1,1,2,3,0,4,2,0,1,1,3,0,3,3,3,1
976,0324c,0510b,0,1,1,0,4,2,2,0,3,2,0,1,1,3,0,3,3,3,1
977,0510c,1146b,0,3,1,1,1,2,1,1,0,2,2,0,1,3,2,1,1,1,2
978,1146a,1146b,1,0,4,1,0,2,2,1,0,2,2,0,1,3,2,1,1,1,2
979,1174a,1174b,1,1,1,1,1,2,3,0,4,2,2,0,1,3,3,2,1,4,2
980,0583c,1174b,0,3,1,0,2,2,2,2,3,2,2,0,1,3,3,2,1,4,2
981,1174a,0358b,0,1,1,1,1,2,3,0,4,2,0,2,1,0,1,2,1,2,2
982,1240a,0358b,0,1,0,1,3,2,2,3,1,2,0,2,1,0,1,2,1,2,2
983,0340a,0358b,0,3,0,1,0,2,3,1,2,2,0,2,1,0,1,2,1,2,2
984,1511b,0358b,0,0,1,0,2,2,2,0,2,2,0,2,1,0,1,2,1,2,2
985,1174a,1286a,0,1,1,1,1,2,3,0,4,2,1,2,1,3,2,1,1,3,2
986,1547a,1547c,1,2,4,1,1,2,1,0,2,2,2,0,1,3,2,3,0,0,2
987,1547b,1547c,1,2,0,1,1,2,1,0,2,2,2,0,1,3,2,3,0,0,2
988,1547a,1194c,0,2,4,1,1,2,1,0,2,2,2,1,2,1,2,2,0,3,2
989,1221a,1194c,0,3,4,1,0,2,2,2,1,2,2,1,2,1,2,2,0,3,2
990,1194a,1194c,1,3,1,1,1,2,1,1,2,1,2,1,2,1,2,2,0,3,2
991,1194b,1194c,1,2,4,0,1,2,2,0,1,2,2,1,2,1,2,2,0,3,2
992,1252c,1194c,0,1,2,1,0,2,2,1,1,1,2,1,2,1,2,2,0,3,2
993,1547a,0516b,0,2,4,1,1,2,1,0,2,2,0,1,0,2,2,2,0,1,2
994,0516a,0516b,1,2,0,1,0,0,3,0,3,2,0,1,0,2,2,2,0,1,2
995,0337a,0337b,1,2,1,1,3,2,2,3,2,1,3,4,1,3,2,2,3,4,2
996,0354b,0354c,1,3,1,1,0,2,3,1,4,2,1,0,0,1,0,1,3,2,2
997,0354a,0354c,1,2,1,1,4,2,1,0,4,2,1,0,0,1,0,1,3,2,2
998,1552a,1552b,1,3,0,1,1,2,2,1,1,2,2,1,1,3,2,1,1,1,1
999,1039c,1039a,1,2,4,1,0,2,2,3,1,2,3,1,0,0,0,3,1,0,2
1000,0355a,1039a,0,3,2,1,3,2,3,0,3,2,3,1,0,0,0,3,1,0,2
1001,0537b,1039a,0,2,1,0,3,0,2,1,4,2,3,1,0,0,0,3,1,0,2
1002,0491a,1039a,0,2,1,1,1,2,1,0,2,1,3,1,0,0,0,3,1,0,2
1003,0316a,1039a,0,2,1,2,3,2,3,1,2,2,3,1,0,0,0,3,1,0,2
1004,0597b,1450a,0,2,4,1,3,2,3,0,3,2,3,1,1,3,2,2,2,1,1
1005,1450b,1450a,1,2,2,1,3,2,3,0,3,2,3,1,1,3,2,2,2,1,1
1006,1374b,1374c,1,1,1,1,0,2,2,2,2,1,3,0,1,0,2,1,0,3,2
1007,1374b,1374a,1,1,1,1,0,2,2,2,2,1,3,2,0,2,2,3,0,4,2
1008,1374c,1374a,1,3,0,1,0,2,1,0,3,2,3,2,0,2,2,3,0,4,2
1009,1039a,1374a,0,3,1,0,0,0,3,1,0,2,3,2,0,2,2,3,0,4,2
1010,1181c,1374a,0,2,2,1,0,0,3,0,4,2,3,2,0,2,2,3,0,4,2
1011,0313c,0313b,1,0,1,1,3,2,2,1,1,1,2,1,0,2,2,2,0,0,2
1012,0313c,0304a,0,0,1,1,3,2,2,1,1,1,2,1,1,1,2,0,1,2,2
1013,0313c,0564b,0,0,1,1,3,2,2,1,1,1,2,2,1,2,0,2,1,1,1
1014,0538a,0564b,0,2,1,0,3,2,2,1,4,2,2,2,1,2,0,2,1,1,1
1015,0564a,0564b,1,2,1,1,0,2,3,3,2,1,2,2,1,2,0,2,1,1,1
1016,1091c,0564b,0,2,4,0,2,2,2,0,2,2,2,2,1,2,0,2,1,1,1
1017,0319a,0319b,1,2,4,1,0,2,3,1,2,2,1,1,1,1,2,3,0,2,1
1018,0319c,0319b,1,2,0,0,0,2,2,0,2,2,1,1,1,1,2,3,0,2,1
1019,0353a,0353b,1,2,1,1,3,1,2,0,2,2,2,1,1,1,2,1,1,2,1
1020,0353a,0353c,1,2,1,1,3,1,2,0,2,2,1,2,1,1,2,3,0,1,2
1021,0353b,0353c,1,2,1,1,1,2,1,1,2,1,1,2,1,1,2,3,0,1,2
1022,1551a,1551b,1,0,1,1,0,2,2,3,3,2,1,1,1,0,2,1,1,1,1
1023,0456b,0456c,1,0,1,1,1,2,2,0,1,1,2,2,1,0,2,3,0,3,2
1024,0456b,0456a,1,0,1,1,1,2,2,0,1,1,2,1,0,2,2,2,0,3,2
1025,0456c,0456a,1,2,2,1,0,2,3,0,3,2,2,1,0,2,2,2,0,3,2
1026,0456b,1409a,0,0,1,1,1,2,2,0,1,1,3,4,1,3,0,2,0,4,2
1027,1405b,1409a,0,1,1,1,0,0,2,1,1,1,3,4,1,3,0,2,0,4,2
1028,1409b,1409a,1,1,1,1,3,2,3,3,1,2,3,4,1,3,0,2,0,4,2
1029,1123c,1123a,1,3,4,1,3,2,2,1,4,2,2,1,2,1,0,1,1,2,1
1030,1123b,1123a,1,0,2,1,0,2,2,1,1,2,2,1,2,1,0,1,1,2,1
1031,1253a,1123a,0,3,0,1,0,2,2,3,2,2,2,1,2,1,0,1,1,2,1
1032,0492a,0492c,1,3,4,1,1,2,2,0,4,2,2,0,1,1,2,1,0,1,2
1033,0492b,0492c,1,2,0,1,0,2,1,1,3,2,2,0,1,1,2,1,0,1,2
1034,0492a,0969a,0,3,4,1,1,2,2,0,4,2,2,2,1,1,2,2,1,2,1
1035,1486b,0969a,0,2,0,1,0,2,3,1,4,2,2,2,1,1,2,2,1,2,1
1036,1135b,0969a,0,3,1,1,0,2,3,1,1,2,2,2,1,1,2,2,1,2,1
1037,0555b,0555a,1,1,1,1,0,1,2,0,2,2,1,4,0,2,0,2,3,4,1
1038,0555c,0555a,1,3,0,1,1,2,2,0,4,2,1,4,0,2,0,2,3,4,1
1039,0555b,0517c,0,1,1,1,0,1,2,0,2,2,1,1,1,3,0,2,3,2,1
1040,0517b,0517c,1,3,0,1,3,0,1,0,3,2,1,1,1,3,0,2,3,2,1
1041,1335b,1294a,0,2,2,1,0,2,2,3,2,2,1,0,1,0,2,1,0,0,1
1042,1286b,1294a,0,3,4,1,0,2,3,0,4,2,1,0,1,0,2,1,0,0,1
1043,0301b,1350a,0,1,1,1,2,2,3,0,0,2,3,1,1,0,2,3,1,2,1
1044,0594a,0594b,1,3,2,1,0,2,2,1,4,2,0,0,0,3,2,0,0,3,2
1045,0927a,0594b,0,1,0,1,0,0,2,0,2,1,0,0,0,3,2,0,0,3,2
1046,0302c,0594b,0,3,1,0,2,2,3,0,3,2,0,0,0,3,2,0,0,3,2
1047,0594a,0594c,1,3,2,1,0,2,2,1,4,2,0,4,2,4,2,2,0,3,2
1048,0594b,0594c,1,0,0,0,3,2,0,0,3,2,0,4,2,4,2,2,0,3,2
1049,0464a,0594c,0,1,0,1,3,2,3,1,0,2,0,4,2,4,2,2,0,3,2
1050,1036c,0594c,0,1,4,1,0,0,2,2,0,2,0,4,2,4,2,2,0,3,2
1051,0594a,0581c,0,3,2,1,0,2,2,1,4,2,2,4,2,3,2,2,1,2,2
1052,1497a,0328a,0,0,4,1,0,2,2,1,3,2,3,1,0,2,2,3,0,2,2
1053,0328b,0328a,1,0,2,1,1,2,3,0,3,2,3,1,0,2,2,3,0,2,2
1054,0373a,0373b,1,3,0,1,0,0,2,0,2,2,2,1,1,1,2,1,0,0,1
1055,0373a,0373c,1,3,0,1,0,0,2,0,2,2,3,0,1,3,2,3,1,4,2
1056,0373b,0373c,1,2,1,1,1,2,1,0,0,1,3,0,1,3,2,3,1,4,2
1057,0373a,0315b,0,3,0,1,0,0,2,0,2,2,2,1,0,2,2,1,1,3,2
1058,0411a,0315b,0,3,1,1,0,2,1,1,4,2,2,1,0,2,2,1,1,3,2
1059,1091b,1091c,1,1,1,1,0,2,2,2,1,1,2,4,0,2,2,2,0,2,2
1060,0521a,1091c,0,2,1,1,1,2,1,3,0,2,2,4,0,2,2,2,0,2,2
1061,1091b,1091a,1,1,1,1,0,2,2,2,1,1,3,1,2,4,2,2,3,4,2
1062,1091c,1091a,1,2,4,0,2,2,2,0,2,2,3,1,2,4,2,2,3,4,2
1063,1501a,1091a,0,1,3,1,0,2,3,1,3,2,3,1,2,4,2,2,3,4,2
1064,1431c,1405b,0,3,1,1,3,2,3,1,4,2,1,1,1,0,0,2,1,1,1
1065,1431c,0547c,0,3,1,1,3,2,3,1,4,2,1,2,1,3,2,1,2,1,1
1066,0593b,0547c,0,3,4,1,0,2,2,3,3,2,1,2,1,3,2,1,2,1,1
1067,0547a,0547c,1,2,2,0,1,2,2,0,1,2,1,2,1,3,2,1,2,1,1
1068,0304a,0547c,0,2,1,1,1,2,0,1,2,2,1,2,1,3,2,1,2,1,1
1069,1493a,1493b,1,2,1,1,0,1,2,0,3,2,2,4,1,0,2,2,3,3,2
1070,1096a,1493b,0,2,1,1,1,2,3,0,4,2,2,4,1,0,2,2,3,3,2
1071,1493a,1443b,0,2,1,1,0,1,2,0,3,2,2,1,1,2,0,2,2,0,1
1072,1443c,1443b,1,0,1,1,1,2,1,1,2,1,2,1,1,2,0,2,2,0,1
1073,1493a,1496c,0,2,1,1,0,1,2,0,3,2,2,1,1,1,0,2,2,2,1
1074,1496a,1496c,1,2,4,1,1,2,1,0,4,2,2,1,1,1,0,2,2,2,1
1075,1426a,1496c,0,2,0,1,1,2,2,1,2,1,2,1,1,1,0,2,2,2,1
1076,0544c,1496c,0,1,4,1,3,2,2,2,0,1,2,1,1,1,0,2,2,2,1
1077,1508b,1508c,1,1,1,1,0,2,1,1,0,1,1,4,1,1,0,2,0,0,2
1078,1508a,1508c,1,2,4,1,0,2,2,3,4,2,1,4,1,1,0,2,0,0,2
1079,0431c,0431b,1,2,0,1,0,2,2,2,3,2,3,0,2,1,2,3,0,2,2
1080,1426a,0431b,0,2,0,1,1,2,2,1,2,1,3,0,2,1,2,3,0,2,2
1081,0431c,0431a,1,2,0,1,0,2,2,2,3,2,3,2,1,3,1,2,3,2,2
1082,0451b,0431a,0,2,1,1,3,0,2,1,2,1,3,2,1,3,1,2,3,2,2
1083,0431b,0431a,1,3,0,2,1,2,3,0,2,2,3,2,1,3,1,2,3,2,2
1084,0445a,0445b,1,2,2,1,0,0,2,0,3,2,1,1,1,3,2,1,1,1,1
1085,0445a,0445c,1,2,2,1,0,0,2,0,3,2,2,4,1,3,0,2,0,4,2
1086,0445b,0445c,1,1,1,1,3,2,1,1,1,1,2,4,1,3,0,2,0,4,2
1087,1229c,0445c,0,2,1,0,0,2,2,1,2,2,2,4,1,3,0,2,0,4,2
1088,0445a,1465a,0,2,2,1,0,0,2,0,3,2,3,4,1,0,2,2,3,2,2
1089,1180c,1465a,0,2,4,1,0,2,3,0,3,2,3,4,1,0,2,2,3,2,2
1090,0445a,0460b,0,2,2,1,0,0,2,0,3,2,1,4,0,0,2,3,3,3,2
1091,0348c,0460b,0,3,1,0,2,2,2,3,3,2,1,4,0,0,2,3,3,3,2
1092,0445a,0466c,0,2,2,1,0,0,2,0,3,2,3,1,1,2,2,1,2,0,1
1093,0923a,0466c,0,2,1,1,1,1,2,0,2,2,3,1,1,2,2,1,2,0,1
1094,1440c,1440b,1,2,4,1,1,2,3,0,2,2,0,4,0,2,0,2,0,4,1
1095,0328b,1440b,0,0,2,1,1,2,3,0,3,2,0,4,0,2,0,2,0,4,1
1096,1440c,1450b,0,2,4,1,1,2,3,0,2,2,2,2,1,3,2,3,0,3,2
1097,1440c,1406c,0,2,4,1,1,2,3,0,2,2,1,0,1,4,0,2,3,2,2
1098,0328b,1406c,0,0,2,1,1,2,3,0,3,2,1,0,1,4,0,2,3,2,2
1099,1152a,1406c,0,3,4,0,2,2,1,0,2,2,1,0,1,4,0,2,3,2,2
1100,1406a,1406c,1,1,2,2,4,2,2,0,2,2,1,0,1,4,0,2,3,2,2
1101,1406b,1406c,1,1,0,0,1,0,2,2,2,2,1,0,1,4,0,2,3,2,2
1102,1450b,1450c,1,2,2,1,3,2,3,0,3,2,3,0,1,1,2,1,1,3,2
1103,1450a,1450c,1,3,1,1,3,2,2,2,1,1,3,0,1,1,2,1,1,3,2
1104,1450b,0553b,0,2,2,1,3,2,3,0,3,2,2,1,1,0,0,2,1,1,1
1105,0363b,0348c,0,1,1,1,1,2,1,0,1,1,3,1,0,2,2,2,3,3,2
1106,0440c,0348c,0,3,4,1,0,2,1,0,4,2,3,1,0,2,2,2,3,3,2
1107,0348a,0348c,1,3,0,1,0,2,1,0,4,2,3,1,0,2,2,2,3,3,2
1108,0348b,0348c,1,1,1,1,1,0,1,0,2,1,3,1,0,2,2,2,3,3,2
1109,1171b,1171a,1,2,4,1,3,2,1,1,3,2,1,2,1,3,2,3,0,0,2
1110,1171b,1086b,0,2,4,1,3,2,1,1,3,2,0,1,1,1,2,2,1,0,1
1111,0327c,1086b,0,1,1,1,1,2,1,1,2,1,0,1,1,1,2,2,1,0,1
1112,1426c,0317b,0,1,0,1,0,2,3,1,2,2,0,4,0,0,0,2,2,3,2
1113,1303a,0317b,0,3,4,1,0,0,2,0,4,2,0,4,0,0,0,2,2,3,2
1114,0314c,0317b,0,1,1,1,3,2,0,0,0,2,0,4,0,0,0,2,2,3,2
1115,0317a,0317b,1,1,1,0,2,0,1,1,2,1,0,4,0,0,0,2,2,3,2
1116,0448b,0317b,0,2,2,1,0,0,2,3,2,1,0,4,0,0,0,2,2,3,2
1117,1426c,0401b,0,1,0,1,0,2,3,1,2,2,2,0,2,3,2,3,3,2,2
1118,0355a,0401b,0,3,2,1,3,2,3,0,3,2,2,0,2,3,2,3,3,2,2
1119,1224c,0401b,0,1,0,1,1,2,1,1,2,2,2,0,2,3,2,3,3,2,2
1120,0911c,0401b,0,2,4,2,3,2,3,3,2,2,2,0,2,3,2,3,3,2,2
1121,1426c,1178c,0,1,0,1,0,2,3,1,2,2,2,4,1,3,0,2,1,0,2
1122,1178a,1178c,1,3,4,1,3,0,2,0,3,2,2,4,1,3,0,2,1,0,2
1123,1178b,1178c,1,3,0,1,3,2,2,3,1,2,2,4,1,3,0,2,1,0,2
1124,1430a,1406a,0,2,1,1,0,2,3,3,3,2,1,2,2,4,2,2,0,2,2
1125,1504c,1504b,1,0,1,1,0,2,1,0,2,1,3,1,1,3,1,2,0,4,2
1126,1504c,1504a,1,0,1,1,0,2,1,0,2,1,1,0,1,1,2,1,3,0,2
1127,1504b,1504a,1,3,1,1,3,1,2,0,4,2,1,0,1,1,2,1,3,0,2
1128,0950a,1504a,0,2,1,1,3,0,2,2,2,1,1,0,1,1,2,1,3,0,2
1129,1036b,1504a,0,2,2,0,2,2,2,0,0,2,1,0,1,1,2,1,3,0,2
1130,0451b,0385a,0,2,1,1,3,0,2,1,2,1,0,0,1,2,2,3,3,0,2
1131,1447b,0385a,0,1,4,1,0,2,2,2,1,1,0,0,1,2,2,3,3,0,2
1132,0385c,0385a,1,2,2,1,0,1,2,2,1,2,0,0,1,2,2,3,3,0,2
1133,1485a,1485c,1,3,4,1,0,2,2,2,2,2,3,4,1,3,2,3,1,3,2
1134,1496a,1485c,0,2,4,1,1,2,1,0,4,2,3,4,1,3,2,3,1,3,2
1135,1485b,1485c,1,0,1,1,3,2,1,1,2,1,3,4,1,3,2,3,1,3,2
1136,1328a,1328b,1,3,1,1,2,2,3,0,0,2,1,2,1,0,2,2,3,2,2
1137,0307c,1328b,0,1,1,1,1,2,2,2,3,2,1,2,1,0,2,2,3,2,2
1138,1328a,1140b,0,3,1,1,2,2,3,0,0,2,0,0,1,3,0,1,1,2,1
1139,1140c,1140b,1,2,4,1,2,2,1,0,1,2,0,0,1,3,0,1,1,2,1
1140,1140a,1140b,1,3,4,0,2,2,1,1,3,2,0,0,1,3,0,1,1,2,1
1141,1328a,0448b,0,3,1,1,2,2,3,0,0,2,2,2,1,0,0,2,3,2,1
1142,1465a,1465b,1,3,4,1,0,2,2,3,2,2,0,1,1,1,2,1,1,2,2
1143,1465a,1465c,1,3,4,1,0,2,2,3,2,2,1,2,0,2,2,2,0,2,2
1144,1465b,1465c,1,0,1,1,1,2,1,1,2,2,1,2,0,2,2,2,0,2,2
1145,1240b,1465c,0,1,1,1,1,0,1,0,3,2,1,2,0,2,2,2,0,2,2
1146,1253a,1253b,1,3,0,1,0,2,2,3,2,2,0,1,1,1,2,1,1,1,1
1147,1253a,1253c,1,3,0,1,0,2,2,3,2,2,2,0,0,2,2,2,0,0,2
1148,1253b,1253c,1,0,1,1,1,2,1,1,1,1,2,0,0,2,2,2,0,0,2
1149,1495a,1495b,1,2,1,0,3,2,1,0,3,2,1,1,1,2,2,1,1,0,2
1150,1495a,1147c,0,2,1,0,3,2,1,0,3,2,0,4,1,1,2,2,0,4,2
1151,0551c,0551a,1,3,2,1,0,0,2,0,2,2,2,1,1,1,2,0,1,3,2
1152,1538a,1538c,1,1,1,1,3,2,3,1,2,1,0,2,1,0,2,1,1,0,2
1153,0563a,1538c,0,1,1,1,1,0,2,0,2,1,0,2,1,0,2,1,1,0,2
1154,1358a,1538c,0,2,1,1,1,1,2,0,4,2,0,2,1,0,2,1,1,0,2
1155,0353b,1363a,0,2,1,1,1,2,1,1,2,1,0,0,1,1,2,3,2,3,2
1156,1363b,1363a,1,0,1,1,1,0,2,0,2,1,0,0,1,1,2,3,2,3,2
1157,1193a,1363a,0,1,4,1,3,2,3,1,1,2,0,0,1,1,2,3,2,3,2
1158,0353b,1220b,0,2,1,1,1,2,1,1,2,1,0,1,1,1,2,3,1,2,1
1159,0547a,1220b,0,2,2,0,1,2,2,0,1,2,0,1,1,1,2,3,1,2,1
1160,1517c,1220b,0,3,0,1,0,2,2,1,4,2,0,1,1,1,2,3,1,2,1
1161,0380a,0380b,1,1,4,1,3,2,2,3,1,2,1,3,2,3,3,2,0,2,2
1162,0535a,0380b,0,2,4,1,1,2,2,2,1,1,1,3,2,3,3,2,0,2,2
1163,1240a,1240b,1,1,0,1,3,2,2,3,1,2,1,1,1,1,0,1,0,3,2
1164,1240a,1240c,1,1,0,1,3,2,2,3,1,2,2,1,0,0,2,3,1,1,2
1165,1240b,1240c,1,1,1,1,1,0,1,0,3,2,2,1,0,0,2,3,1,1,2
1166,1230b,1240c,0,1,1,0,3,2,2,1,3,2,2,1,0,0,2,3,1,1,2
1167,1350a,1350c,1,3,1,1,0,2,3,1,2,1,1,4,1,3,0,1,2,1,1
1168,0374a,1350c,0,2,2,0,0,2,1,3,3,2,1,4,1,3,0,1,2,1,1
1169,1350a,0327a,0,3,1,1,0,2,3,1,2,1,3,1,1,1,2,0,0,4,2
1170,1450a,0327a,0,3,1,1,3,2,2,2,1,1,3,1,1,1,2,0,0,4,2
1171,0327c,0327a,1,1,1,1,1,2,1,1,2,1,3,1,1,1,2,0,0,4,2
1172,0327b,0327a,1,0,1,1,1,1,2,0,3,2,3,1,1,1,2,0,0,4,2
1173,1237c,0327a,0,2,1,0,2,2,2,0,1,2,3,1,1,1,2,0,0,4,2
1174,1421a,1421b,1,1,0,1,0,2,2,3,3,2,3,1,1,3,2,2,2,2,1
1175,1421a,1273c,0,1,0,1,0,2,2,3,3,2,1,1,1,3,1,1,3,1,2
1176,1273a,1273c,1,1,2,1,0,0,2,1,0,2,1,1,1,3,1,1,3,1,2
1177,1325a,1325c,1,3,1,1,0,1,2,0,1,2,1,4,1,3,2,3,1,2,2
1178,1325b,1325c,1,0,1,1,1,2,2,1,2,1,1,4,1,3,2,3,1,2,2
1179,1325a,0441b,0,3,1,1,0,1,2,0,1,2,2,2,1,0,0,2,3,2,2
1180,1254a,0441b,0,1,1,1,1,2,1,3,3,2,2,2,1,0,0,2,3,2,2
1181,1506a,0441b,0,2,1,0,3,0,2,1,0,2,2,2,1,0,0,2,3,2,2
1182,0334c,0441b,0,1,4,1,3,0,2,0,0,2,2,2,1,0,0,2,3,2,2
1183,1325a,1178b,0,3,1,1,0,1,2,0,1,2,3,0,1,3,2,2,3,1,2
1184,1178a,1178b,1,3,4,1,3,0,2,0,3,2,3,0,1,3,2,2,3,1,2
1185,1518a,1178b,0,2,2,1,3,2,2,0,1,2,3,0,1,3,2,2,3,1,2
1186,0440c,0440b,1,3,4,1,0,2,1,0,4,2,2,1,1,2,0,2,1,0,1
1187,1254a,0440b,0,1,1,1,1,2,1,3,3,2,2,1,1,2,0,2,1,0,1
1188,0440c,0440a,1,3,4,1,0,2,1,0,4,2,2,0,0,2,2,2,0,4,2
1189,0440b,0440a,1,2,1,1,2,0,2,1,0,1,2,0,0,2,2,2,0,4,2
1190,1430c,0440a,0,0,0,1,3,2,3,0,3,2,2,0,0,2,2,2,0,4,2
1191,0441b,0440a,0,2,2,1,0,0,2,3,2,2,2,0,0,2,2,2,0,4,2
1192,0587a,0587b,1,1,1,1,2,2,2,2,0,2,0,1,1,0,2,1,1,0,1
1193,0587a,0587c,1,1,1,1,2,2,2,2,0,2,1,4,0,3,2,3,1,3,2
1194,0587b,0587c,1,0,1,1,0,2,1,1,0,1,1,4,0,3,2,3,1,3,2
1195,1221a,1221c,1,3,4,1,0,2,2,2,1,2,2,1,1,0,2,0,0,3,2
1196,1107c,1221c,0,0,2,1,3,2,2,1,0,2,2,1,1,0,2,0,0,3,2
1197,1221a,0924a,0,3,4,1,0,2,2,2,1,2,2,2,1,3,1,2,1,2,2
1198,1221a,0474b,0,3,4,1,0,2,2,2,1,2,2,1,1,3,2,3,3,3,2
1199,0348a,0348b,1,3,0,1,0,2,1,0,4,2,1,1,1,1,0,1,0,2,1
1200,1090a,0348b,0,2,0,1,1,2,1,0,1,1,1,1,1,1,0,1,0,2,1
1201,0474b,0474c,1,2,1,1,3,2,3,3,3,2,3,4,1,0,2,2,3,1,2
1202,1405b,1405c,1,1,1,1,0,0,2,1,1,1,2,3,1,0,2,2,0,1,2
1203,1405b,0517a,0,1,1,1,0,0,2,1,1,1,3,0,1,0,2,0,1,1,2
1204,0517b,0517a,1,3,0,1,3,0,1,0,3,2,3,0,1,0,2,0,1,1,2
1205,0517c,0517a,1,1,1,1,3,0,2,3,2,1,3,0,1,0,2,0,1,1,2
1206,1409b,1409c,1,1,1,1,3,2,3,3,1,2,0,2,1,0,0,2,1,2,1
1207,1409a,1409c,1,3,4,1,3,0,2,0,4,2,0,2,1,0,0,2,1,2,1
1208,1253b,1409c,0,0,1,1,1,2,1,1,1,1,0,2,1,0,0,2,1,2,1
1209,1540c,1409c,0,1,2,1,0,2,2,1,0,1,0,2,1,0,0,2,1,2,1
1210,1533b,1533a,1,1,0,1,0,2,3,0,4,2,3,3,0,3,2,2,0,3,2
1211,1533c,1533a,1,1,2,1,3,2,1,0,1,1,3,3,0,3,2,2,0,3,2
1212,1533b,1511c,0,1,0,1,0,2,3,0,4,2,1,1,0,1,0,3,1,0,1
1213,1511b,1511c,1,0,1,0,2,2,2,0,2,2,1,1,0,1,0,3,1,0,1
1214,1416c,1511c,0,1,4,1,3,2,3,1,4,2,1,1,0,1,0,3,1,0,1
1215,1533b,0302a,0,1,0,1,0,2,3,0,4,2,2,0,1,1,0,2,1,1,1
1216,0471a,0302a,0,1,4,1,1,2,3,0,1,2,2,0,1,1,0,2,1,1,1
1217,0340a,0340b,1,3,0,1,0,2,3,1,2,2,1,4,1,1,2,1,0,3,2
1218,1230b,0340b,0,1,1,0,3,2,2,1,3,2,1,4,1,1,2,1,0,3,2
1219,0340a,0340c,1,3,0,1,0,2,3,1,2,2,1,0,1,1,2,1,0,3,2
1220,0340b,0340c,1,1,4,1,1,2,1,0,3,2,1,0,1,1,2,1,0,3,2
1221,1382a,0340c,0,2,0,1,0,2,2,1,3,2,1,0,1,1,2,1,0,3,2
1222,0340a,0923c,0,3,0,1,0,2,3,1,2,2,1,1,1,2,2,3,0,4,2
1223,0923a,0923c,1,2,1,1,1,1,2,0,2,2,1,1,1,2,2,3,0,4,2
1224,0340a,0357c,0,3,0,1,0,2,3,1,2,2,0,2,1,1,0,2,0,1,1
1225,0357b,0357c,1,2,1,0,0,0,2,2,3,2,0,2,1,1,0,2,0,1,1
1226,0357a,0357c,1,3,4,1,1,2,3,2,3,2,0,2,1,1,0,2,0,1,1
1227,1361a,0357c,0,1,4,1,0,0,2,3,3,2,0,2,1,1,0,2,0,1,1
1228,0340a,0450c,0,3,0,1,0,2,3,1,2,2,1,1,0,0,0,1,0,1,1
1229,1561b,0450c,0,0,0,1,0,2,2,2,1,1,1,1,0,0,0,1,0,1,1
1230,1252c,0450c,0,1,2,1,0,2,2,1,1,1,1,1,0,0,0,1,0,1,1
1231,0413a,0413b,1,1,1,1,1,2,3,0,1,1,1,1,1,3,0,1,2,2,1
1232,1368b,0413b,0,3,1,1,1,2,2,3,4,2,1,1,1,3,0,1,2,2,1
1233,1086b,0413b,0,0,1,1,1,2,2,1,0,1,1,1,1,3,0,1,2,2,1
1234,0488b,0413b,0,2,0,0,0,2,1,0,0,2,1,1,1,3,0,1,2,2,1
1235,0344c,0413b,0,1,1,0,2,2,2,1,0,2,1,1,1,3,0,1,2,2,1
1236,1368b,1368c,1,3,1,1,1,2,2,3,4,2,2,1,1,3,0,1,2,0,1
1237,0521a,1368c,0,2,1,1,1,2,1,3,0,2,2,1,1,3,0,1,2,0,1
1238,1432b,1368c,0,3,1,1,0,1,2,1,4,2,2,1,1,3,0,1,2,0,1
1239,1368b,0450b,0,3,1,1,1,2,2,3,4,2,1,2,0,1,0,2,0,2,1
1240,1253b,0450b,0,0,1,1,1,2,1,1,1,1,1,2,0,1,0,2,0,2,1
1241,0450c,0450b,1,1,1,0,0,0,1,0,1,1,1,2,0,1,0,2,0,2,1
1242,1352a,0450b,0,2,2,1,1,2,2,1,4,2,1,2,0,1,0,2,0,2,1
1243,0507a,0507b,1,1,1,1,3,0,2,1,2,1,0,1,1,3,2,1,1,4,2
1244,0379c,0507b,0,2,1,1,2,2,2,0,3,2,0,1,1,3,2,1,1,4,2
1245,1546b,1546c,1,3,1,1,0,0,3,0,3,2,3,0,1,0,2,1,1,3,2
1246,1546b,1546a,1,3,1,1,0,0,3,0,3,2,1,1,0,3,2,1,1,2,1
1247,1546c,1546a,1,3,0,1,0,2,1,1,3,2,1,1,0,3,2,1,1,2,1
1248,0563a,0563c,1,1,1,1,1,0,2,0,2,1,1,4,1,1,0,3,0,2,2
1249,0337c,0563c,0,3,4,1,1,2,1,1,3,2,1,4,1,1,0,3,0,2,2
1250,1497c,0563c,0,2,0,1,3,2,2,3,4,2,1,4,1,1,0,3,0,2,2
1251,1360a,0522b,0,3,1,0,2,2,2,0,2,2,2,1,0,2,2,2,0,4,2
1252,1360a,1414b,0,3,1,0,2,2,2,0,2,2,0,4,0,0,0,1,1,1,1
1253,1360c,1414b,0,0,1,1,2,1,2,1,1,1,0,4,0,0,0,1,1,1,1
1254,0923a,1272a,0,2,1,1,1,1,2,0,2,2,1,1,1,2,2,1,2,0,1
1255,1549c,1272a,0,0,2,1,3,2,2,1,4,2,1,1,1,2,2,1,2,0,1
1256,0403c,0403a,1,1,0,0,0,2,2,0,3,2,2,0,2,1,0,1,0,1,1
1257,0525a,0403a,0,1,2,1,3,2,1,1,1,1,2,0,2,1,0,1,0,1,1
1258,0403c,1197b,0,1,0,0,0,2,2,0,3,2,0,0,1,4,2,3,0,4,2
1259,1197a,1197b,1,1,4,1,3,0,2,1,0,2,0,0,1,4,2,3,0,4,2
1260,1197c,1197b,1,1,2,1,0,0,2,0,4,2,0,0,1,4,2,3,0,4,2
1261,1506a,1197b,0,2,1,0,3,0,2,1,0,2,0,0,1,4,2,3,0,4,2
1262,0403c,1340c,0,1,0,0,0,2,2,0,3,2,1,0,0,0,2,1,1,2,2
1263,0457a,1340c,0,2,3,1,3,2,2,0,1,2,1,0,0,0,2,1,1,2,2
1264,1230b,1340c,0,1,1,0,3,2,2,1,3,2,1,0,0,0,2,1,1,2,2
1265,0471a,0471b,1,1,4,1,1,2,3,0,1,2,0,0,1,0,1,2,0,2,2
1266,0324c,0471b,0,1,1,0,4,2,2,0,3,2,0,0,1,0,1,2,0,2,2
1267,0471a,0471c,1,1,4,1,1,2,3,0,1,2,0,0,1,3,2,1,1,2,1
1268,0471b,0471c,1,0,0,1,0,1,2,0,2,2,0,0,1,3,2,1,1,2,1
1269,0471a,1383c,0,1,4,1,1,2,3,0,1,2,1,1,1,1,0,2,2,2,1
1270,1383b,1383c,1,3,2,1,3,0,2,1,2,1,1,1,1,1,0,2,2,2,1
1271,0301c,1383c,0,3,1,1,4,0,2,0,1,2,1,1,1,1,0,2,2,2,1
1272,1367a,1367b,1,2,0,1,1,2,2,3,2,2,1,1,0,1,2,1,0,3,2
1273,1367a,1367c,1,2,0,1,1,2,2,3,2,2,1,1,1,3,2,0,0,3,2
1274,1367b,1367c,1,1,1,0,1,2,1,0,3,2,1,1,1,3,2,0,0,3,2
1275,1099a,1099c,1,2,1,1,3,0,2,2,3,2,2,4,0,2,2,2,0,3,2
1276,1508a,0546b,0,2,4,1,0,2,2,3,4,2,3,1,1,3,1,3,0,1,2
1277,0546c,0546b,1,2,0,1,3,2,1,3,1,2,3,1,1,3,1,3,0,1,2
1278,1508a,1259c,0,2,4,1,0,2,2,3,4,2,0,1,1,0,0,2,2,1,1
1279,1408c,1259c,0,0,1,1,0,0,2,0,2,1,0,1,1,0,0,2,2,1,1
1280,1259a,1259c,1,1,4,0,0,2,3,1,3,2,0,1,1,0,0,2,2,1,1
1281,1259b,1259c,1,1,0,1,3,2,1,2,2,1,0,1,1,0,0,2,2,1,1
1282,1508a,0439a,0,2,4,1,0,2,2,3,4,2,3,1,2,4,2,2,3,2,2
1283,1323c,0439a,0,1,0,1,1,2,2,3,0,1,3,1,2,4,2,2,3,2,2
1284,0510b,0439a,0,0,1,1,3,0,3,3,3,1,3,1,2,4,2,2,3,2,2
1285,1273c,0439a,0,1,1,1,3,1,1,3,1,2,3,1,2,4,2,2,3,2,2
1286,1319a,1319b,1,2,0,1,0,2,2,3,4,2,2,4,2,3,2,2,2,1,2
1287,0368b,1319b,0,3,0,1,3,0,2,1,2,2,2,4,2,3,2,2,2,1,2
1288,1143c,1319b,0,1,1,1,0,1,2,3,1,2,2,4,2,3,2,2,2,1,2
1289,1319a,1319c,1,2,0,1,0,2,2,3,4,2,1,0,1,0,2,0,1,4,2
1290,1363b,1319c,0,0,1,1,1,0,2,0,2,1,1,0,1,0,2,0,1,4,2
1291,0348b,1319c,0,1,1,1,1,0,1,0,2,1,1,0,1,0,2,0,1,4,2
1292,1319b,1319c,1,2,4,2,3,2,2,2,1,2,1,0,1,0,2,0,1,4,2
1293,1319a,1098a,0,2,0,1,0,2,2,3,4,2,0,1,0,1,0,1,1,1,1
1294,1226c,1098a,0,2,0,0,0,0,2,0,0,2,0,1,0,1,0,1,1,1,1
1295,0327c,0327b,1,1,1,1,1,2,1,1,2,1,0,1,1,1,1,2,0,3,2
1296,1377b,0327b,0,0,1,1,0,1,2,1,0,2,0,1,1,1,1,2,0,3,2
1297,0327c,0385c,0,1,1,1,1,2,1,1,2,1,2,2,1,0,1,2,2,1,2
1298,0583c,0385c,0,3,1,0,2,2,2,2,3,2,2,2,1,0,1,2,2,1,2
1299,1178a,0352c,0,3,4,1,3,0,2,0,3,2,3,4,1,1,2,3,1,3,2
1300,1273a,0352c,0,1,2,1,0,0,2,1,0,2,3,4,1,1,2,3,1,3,2
1301,0593b,1103a,0,3,4,1,0,2,2,3,3,2,3,2,0,1,0,1,1,2,1
1302,1406b,1103a,0,1,0,0,1,0,2,2,2,2,3,2,0,1,0,1,1,2,1
1303,0457a,0457c,1,2,3,1,3,2,2,0,1,2,0,2,1,0,0,2,0,3,2
1304,0457a,0457b,1,2,3,1,3,2,2,0,1,2,1,4,0,1,0,2,0,1,1
1305,0457c,0457b,1,0,2,1,0,0,2,0,3,2,1,4,0,1,0,2,0,1,1
1306,0421b,0421c,1,2,0,1,1,0,2,0,0,2,1,0,1,1,2,2,1,1,1
1307,1477b,0421c,0,1,1,1,1,0,2,0,1,1,1,0,1,1,2,2,1,1,1
1308,0421b,0421a,1,2,0,1,1,0,2,0,0,2,3,2,1,3,2,3,3,3,2
1309,0421c,0421a,1,1,0,1,1,2,2,1,1,1,3,2,1,3,2,3,3,3,2
1310,0518b,0421a,0,1,1,1,0,0,1,1,2,1,3,2,1,3,2,3,3,3,2
1311,0859a,0421a,0,2,0,1,3,2,0,0,3,2,3,2,1,3,2,3,3,3,2
1312,1538b,0421a,0,2,2,1,3,0,2,0,1,1,3,2,1,3,2,3,3,3,2
1313,0421b,0873a,0,2,0,1,1,0,2,0,0,2,2,2,0,2,2,2,3,0,2
1314,0302a,0873a,0,2,0,1,1,0,2,1,1,1,2,2,0,2,2,2,3,0,2
1315,1422a,0873a,0,3,4,0,3,0,2,1,3,2,2,2,0,2,2,2,3,0,2
1316,0421b,0866c,0,2,0,1,1,0,2,0,0,2,3,0,1,0,0,2,2,2,1
1317,0488c,0866c,0,1,4,0,1,2,2,0,4,2,3,0,1,0,0,2,2,2,1
1318,0521a,0521b,1,2,1,1,1,2,1,3,0,2,1,1,1,0,1,1,0,0,2
1319,0521a,0521c,1,2,1,1,1,2,1,3,0,2,3,1,2,1,0,2,1,3,2
1320,0521b,0521c,1,1,1,1,0,1,1,0,0,2,3,1,2,1,0,2,1,3,2
1321,0521a,0328b,0,2,1,1,1,2,1,3,0,2,0,2,1,1,2,3,0,3,2
1322,1234c,0328b,0,2,1,0,2,2,3,0,2,2,0,2,1,1,2,3,0,3,2
1323,1477a,1477b,1,3,0,1,3,2,1,1,0,2,1,1,1,1,0,2,0,1,1
1324,1496a,1294b,0,2,4,1,1,2,1,0,4,2,1,1,1,0,2,0,0,3,2
1325,1294a,1294b,1,1,0,1,0,2,1,0,0,1,1,1,1,0,2,0,0,3,2
1326,1140c,1140a,1,2,4,1,2,2,1,0,1,2,3,4,0,2,2,1,1,3,2
1327,0323c,1140a,0,1,0,1,1,0,1,0,0,1,3,4,0,2,2,1,1,3,2
1328,1086b,1086c,1,0,1,1,1,2,2,1,0,1,2,1,1,1,0,1,1,2,1
1329,0324b,1086c,0,0,1,1,3,0,2,1,1,1,2,1,1,1,0,1,1,2,1
1330,1224c,1224b,1,1,0,1,1,2,1,1,2,2,2,4,2,4,3,3,3,4,2
1331,0372b,1224b,0,1,1,1,3,1,2,1,2,2,2,4,2,4,3,3,3,4,2
1332,1286a,1286b,1,1,2,1,3,2,1,1,3,2,3,4,1,0,2,3,0,4,2
1333,1286a,1286c,1,1,2,1,3,2,1,1,3,2,2,1,1,1,2,1,3,3,2
1334,1286b,1286c,1,3,4,1,0,2,3,0,4,2,2,1,1,1,2,1,3,3,2
1335,1408c,1408b,1,0,1,1,0,0,2,0,2,1,1,1,0,1,0,3,0,2,1
1336,1408a,1408b,1,3,1,0,3,2,1,0,3,2,1,1,0,1,0,3,0,2,1
1337,1221c,1408b,0,2,1,1,0,2,0,0,3,2,1,1,0,1,0,3,0,2,1
1338,1408c,0455c,0,0,1,1,0,0,2,0,2,1,3,1,1,3,3,1,3,1,2
1339,0892a,0892c,1,1,0,1,1,2,3,0,0,2,3,2,0,2,2,2,1,0,2
1340,0473a,0473b,1,1,2,1,0,0,2,1,1,2,1,4,1,1,0,3,0,3,2
1341,0473a,0473c,1,1,2,1,0,0,2,1,1,2,1,1,1,3,2,3,2,4,1
1342,0473b,0473c,1,1,4,1,1,0,3,0,3,2,1,1,1,3,2,3,2,4,1
1343,1208a,1208c,1,0,4,1,0,0,2,0,2,2,0,1,1,0,2,1,3,2,2
1344,1208b,1208c,1,1,0,1,0,2,1,0,1,1,0,1,1,0,2,1,3,2,2
1345,1208a,0405a,0,0,4,1,0,0,2,0,2,2,3,0,1,0,2,3,1,2,1
1346,0405c,0405a,1,1,0,1,1,2,2,1,2,1,3,0,1,0,2,3,1,2,1
1347,1194a,0405a,0,3,1,1,1,2,1,1,2,1,3,0,1,0,2,3,1,2,1
1348,1408a,0323a,0,3,1,0,3,2,1,0,3,2,3,4,2,4,2,2,3,2,2
1349,0323c,0323a,1,1,0,1,1,0,1,0,0,1,3,4,2,4,2,2,3,2,2
1350,0496e,0323a,0,2,1,0,1,2,3,0,2,2,3,4,2,4,2,2,3,2,2
1351,0969a,0969c,1,2,2,1,1,2,2,1,2,1,3,4,1,3,2,2,2,3,2
1352,0396b,0969c,0,2,1,0,1,2,2,1,3,2,3,4,1,3,2,2,2,3,2
1353,0969a,0969b,1,2,2,1,1,2,2,1,2,1,2,0,1,1,2,1,1,2,1
1354,0969c,0969b,1,3,4,1,3,2,2,2,3,2,2,0,1,1,2,1,1,2,1
1355,0550c,0969b,0,2,0,1,1,2,2,0,4,2,2,0,1,1,2,1,1,2,1
1356,0969c,0516a,0,3,4,1,3,2,2,2,3,2,2,0,1,0,0,3,0,3,2
1357,1147c,0516a,0,0,4,1,1,2,2,0,4,2,2,0,1,0,0,3,0,3,2
1358,0491a,0516a,0,2,1,1,1,2,1,0,2,1,2,0,1,0,0,3,0,3,2
1359,0405c,0405b,1,1,0,1,1,2,2,1,2,1,1,0,1,4,0,2,0,1,2
1360,0405a,0405b,1,3,0,1,0,2,3,1,2,1,1,0,1,4,0,2,0,1,2
1361,0368b,0368c,1,3,0,1,3,0,2,1,2,2,3,1,0,2,2,3,2,2,2
1362,0927a,0368c,0,1,0,1,0,0,2,0,2,1,3,1,0,2,2,3,2,2,2
1363,0522b,0522c,1,2,1,0,2,2,2,0,4,2,3,1,2,4,0,2,0,3,2
1364,0969b,0522c,0,2,0,1,1,2,1,1,2,1,3,1,2,4,0,2,0,3,2
1365,1149c,0522c,0,1,1,1,3,2,1,3,3,2,3,1,2,4,0,2,0,3,2
1366,0522b,0938b,0,2,1,0,2,2,2,0,4,2,2,1,0,2,2,1,1,2,2
1367,1486b,0938b,0,2,0,1,0,2,3,1,4,2,2,1,0,2,2,1,1,2,2
1368,0522b,1532a,0,2,1,0,2,2,2,0,4,2,0,2,1,0,2,1,1,1,1
1369,0938b,1532a,0,2,1,0,2,2,1,1,2,2,0,2,1,0,2,1,1,1,1
1370,0522b,1271a,0,2,1,0,2,2,2,0,4,2,1,1,1,2,0,1,1,4,1
1371,0515a,1271a,0,1,1,1,3,2,2,2,2,1,1,1,1,2,0,1,1,4,1
1372,1194a,1194b,1,3,1,1,1,2,1,1,2,1,2,4,0,1,2,2,0,1,2
1373,1194a,1064c,0,3,1,1,1,2,1,1,2,1,1,4,1,1,0,2,2,1,1
1374,1197a,1197c,1,1,4,1,3,0,2,1,0,2,1,2,1,0,0,2,0,4,2
1375,1294a,1294c,1,1,0,1,0,2,1,0,0,1,3,0,1,3,2,3,1,0,2
1376,1294b,1294c,1,1,1,1,0,2,0,0,3,2,3,0,1,3,2,3,1,0,2
1377,0421c,0323b,0,1,0,1,1,2,2,1,1,1,3,0,0,1,0,3,1,1,1
1378,0323c,0323b,1,1,0,1,1,0,1,0,0,1,3,0,0,1,0,3,1,1,1
1379,0323a,0323b,1,3,4,2,4,2,2,3,2,2,3,0,0,1,0,3,1,1,1
1380,0522c,0323b,0,3,1,2,4,0,2,0,3,2,3,0,0,1,0,3,1,1,1
1381,1409a,1108b,0,3,4,1,3,0,2,0,4,2,2,2,0,2,2,1,0,0,2
1382,1377b,1108b,0,0,1,1,0,1,2,1,0,2,2,2,0,2,2,1,0,0,2
1383,0556a,0556b,1,2,1,1,1,0,2,0,4,1,0,2,0,1,0,2,1,1,1
1384,0317b,0556b,0,0,4,0,0,0,2,2,3,2,0,2,0,1,0,2,1,1,1
1385,0544c,0556b,0,1,4,1,3,2,2,2,0,1,0,2,0,1,0,2,1,1,1
1386,0556a,0556c,1,2,1,1,1,0,2,0,4,1,0,1,0,1,0,3,1,0,1
1387,0556b,0556c,1,0,2,0,1,0,2,1,1,1,0,1,0,1,0,3,1,0,1
1388,1143c,0556c,0,1,1,1,0,1,2,3,1,2,0,1,0,1,0,3,1,0,1
1389,0318b,0556c,0,1,2,1,0,0,2,0,0,2,0,1,0,1,0,3,1,0,1
1390,0927a,0927b,1,1,0,1,0,0,2,0,2,1,1,4,1,1,2,3,1,1,2
1391,1531a,0927b,0,2,0,1,0,2,3,0,3,2,1,4,1,1,2,3,1,1,2
1392,1521b,0927b,0,3,1,1,3,0,2,3,3,2,1,4,1,1,2,3,1,1,2
1393,1367b,0535c,0,1,1,0,1,2,1,0,3,2,1,2,1,3,2,1,3,3,2
1394,0535a,0535c,1,2,4,1,1,2,2,2,1,1,1,2,1,3,2,1,3,3,2
1395,0535b,0535c,1,0,0,1,2,2,2,1,4,2,1,2,1,3,2,1,3,3,2
1396,1340c,0535c,0,1,0,0,0,2,1,1,2,2,1,2,1,3,2,1,3,3,2
1397,1114a,0535c,0,2,1,1,3,0,2,2,0,1,1,2,1,3,2,1,3,3,2
1398,1430b,1358c,0,1,1,1,1,1,2,0,3,2,3,4,1,1,2,3,1,1,2
1399,1196b,1358c,0,0,2,1,0,2,2,1,2,1,3,4,1,1,2,3,1,1,2
1400,1358a,1358c,1,2,1,1,1,1,2,0,4,2,3,4,1,1,2,3,1,1,2
1401,1358b,1358c,1,3,4,0,1,2,2,0,1,2,3,4,1,1,2,3,1,1,2
1402,1430b,0343c,0,1,1,1,1,1,2,0,3,2,1,0,0,2,2,3,1,3,2
1403,0564a,0564c,1,2,1,1,0,2,3,3,2,1,0,1,1,1,1,1,0,3,2
1404,0516a,0564c,0,2,0,1,0,0,3,0,3,2,0,1,1,1,1,1,0,3,2
1405,0564b,0564c,1,2,2,1,2,0,2,1,1,1,0,1,1,1,1,1,0,3,2
1406,1196a,1196b,1,0,1,1,3,2,2,2,1,1,0,2,1,0,2,2,1,2,1
1407,1371c,1196b,0,2,1,1,0,2,3,2,3,2,0,2,1,0,2,2,1,2,1
1408,1501c,1501b,1,0,1,1,0,0,2,1,2,1,3,1,1,2,2,1,1,0,1
1409,1501c,1501a,1,0,1,1,0,0,2,1,2,1,1,3,1,0,2,3,1,3,2
1410,1501b,1501a,1,3,1,1,2,2,1,1,0,1,1,3,1,0,2,3,1,3,2
1411,1501c,0460c,0,0,1,1,0,0,2,1,2,1,2,4,2,1,2,2,2,1,2
1412,0337b,0460c,0,3,4,1,3,2,2,3,4,2,2,4,2,1,2,2,2,1,2
1413,0460b,0460c,1,1,4,0,0,2,3,3,3,2,2,4,2,1,2,2,2,1,2
1414,1504b,0518b,0,3,1,1,3,1,2,0,4,2,1,1,1,0,0,1,1,2,1
1415,0518a,0518b,1,2,1,1,0,0,2,2,1,1,1,1,1,0,0,1,1,2,1
1416,1212a,1212c,1,2,1,1,0,0,2,2,2,1,2,0,1,0,0,2,2,2,1
1417,0457c,0311c,0,0,2,1,0,0,2,0,3,2,0,0,1,0,0,2,2,1,1
1418,0517c,0311c,0,1,1,1,3,0,2,3,2,1,0,0,1,0,0,2,2,1,1
1419,0311a,0311c,1,1,2,1,1,2,1,3,3,2,0,0,1,0,0,2,2,1,1
1420,0390a,0311c,0,0,0,1,0,1,2,1,2,2,0,0,1,0,0,2,2,1,1
1421,1538c,1312a,0,0,2,1,0,2,1,1,0,2,1,2,0,2,0,2,1,2,1
1422,1538c,1419b,0,0,2,1,0,2,1,1,0,2,1,1,0,1,0,1,1,0,1
1423,1486b,1419b,0,2,0,1,0,2,3,1,4,2,1,1,0,1,0,1,1,0,1
1424,0488b,0488c,1,2,0,0,0,2,1,0,0,2,1,4,0,1,2,2,0,4,2
1425,1485c,0488c,0,3,4,1,3,2,3,1,3,2,1,4,0,1,2,2,0,4,2
1426,1377a,1377b,1,2,2,1,3,0,3,0,2,2,0,1,1,0,1,2,1,0,2
1427,1377a,1377c,1,2,2,1,3,0,3,0,2,2,2,1,0,2,2,3,0,3,2
1428,1377b,1377c,1,0,1,1,0,1,2,1,0,2,2,1,0,2,2,3,0,3,2
1429,0518a,0518c,1,2,1,1,0,0,2,2,1,1,3,4,1,1,2,3,0,4,2
1430,0518b,0518c,1,1,1,1,0,0,1,1,2,1,3,4,1,1,2,3,0,4,2
1431,0373c,0518c,0,3,0,1,3,2,3,1,4,2,3,4,1,1,2,3,0,4,2
1432,0363a,0518c,0,0,0,1,1,2,2,1,1,2,3,4,1,1,2,3,0,4,2
1433,1363b,1363c,1,0,1,1,1,0,2,0,2,1,0,1,0,1,0,2,0,1,1
1434,1363a,1363c,1,0,0,1,1,2,3,2,3,2,0,1,0,1,0,2,0,1,1
1435,0520a,1363c,0,2,4,1,0,2,1,3,3,2,0,1,0,1,0,2,0,1,1
1436,0927c,1363c,0,2,1,0,2,2,1,0,1,2,0,1,0,1,0,2,0,1,1
1437,0950a,0916a,0,2,1,1,3,0,2,2,2,1,1,1,1,0,0,2,2,1,1
1438,1253b,0916a,0,0,1,1,1,2,1,1,1,1,1,1,1,0,0,2,2,1,1
1439,0950a,0390a,0,2,1,1,3,0,2,2,2,1,0,0,1,0,1,2,1,2,2
1440,0390c,0390a,1,2,0,1,0,1,2,1,3,2,0,0,1,0,1,2,1,2,2
1441,1259a,0390a,0,1,4,0,0,2,3,1,3,2,0,0,1,0,1,2,1,2,2
1442,0324b,0324c,1,0,1,1,3,0,2,1,1,1,1,1,0,4,2,2,0,3,2
1443,0324b,0324a,1,0,1,1,3,0,2,1,1,1,0,2,1,0,1,2,1,3,2
1444,0324c,0324a,1,1,1,0,4,2,2,0,3,2,0,2,1,0,1,2,1,3,2
1445,1155b,1155a,1,1,1,1,3,0,1,1,2,1,1,1,0,2,2,1,1,0,2
1446,1155b,1155c,1,1,1,1,3,0,1,1,2,1,1,0,1,0,2,0,0,3,2
1447,1155a,1155c,1,1,1,0,2,2,1,1,0,2,1,0,1,0,2,0,0,3,2
1448,0348b,0873b,0,1,1,1,1,0,1,0,2,1,3,0,2,3,0,2,0,3,2
1449,0873a,0873b,1,2,2,0,2,2,2,3,0,2,3,0,2,3,0,2,0,3,2
1450,0373c,0873b,0,3,0,1,3,2,3,1,4,2,3,0,2,3,0,2,0,3,2
1451,0525a,0525b,1,1,2,1,3,2,1,1,1,1,2,3,0,0,2,2,0,3,2
1452,1365b,0525b,0,0,4,1,3,2,2,1,0,2,2,3,0,0,2,2,0,3,2
1453,1164a,1271b,0,2,1,0,2,2,1,1,1,2,3,4,2,2,0,2,1,3,2
1454,1271a,1271b,1,1,1,1,2,0,1,1,4,1,3,4,2,2,0,2,1,3,2
1455,1036b,1036c,1,2,2,0,2,2,2,0,0,2,1,4,1,0,0,2,2,0,2
1456,0328b,1057b,0,0,2,1,1,2,3,0,3,2,1,0,0,2,0,2,1,0,1
1457,0535a,0535b,1,2,4,1,1,2,2,2,1,1,0,0,1,2,2,2,1,4,2
1458,0496e,0535b,0,2,1,0,1,2,3,0,2,2,0,0,1,2,2,2,1,4,2
1459,0315b,0315a,1,2,1,0,2,2,1,1,3,2,2,4,0,2,2,3,0,3,2
1460,1371c,0315a,0,2,1,1,0,2,3,2,3,2,2,4,0,2,2,3,0,3,2
1461,0546b,0315a,0,3,1,1,3,1,3,0,1,2,2,4,0,2,2,3,0,3,2
1462,0924a,0924b,1,2,2,1,3,1,2,1,2,2,1,0,1,3,0,2,1,0,1
1463,0924a,0924c,1,2,2,1,3,1,2,1,2,2,0,1,1,0,2,1,2,1,1
1464,0924b,0924c,1,1,0,1,3,0,2,1,0,1,0,1,1,0,2,1,2,1,1
1465,0302a,0302c,1,2,0,1,1,0,2,1,1,1,3,1,0,2,2,3,0,3,2
1466,0551a,0302c,0,2,1,1,1,2,0,1,3,2,3,1,0,2,2,3,0,3,2
1467,1496c,0302c,0,2,1,1,1,0,2,2,2,1,3,1,0,2,2,3,0,3,2
1468,0302a,0302b,1,2,0,1,1,0,2,1,1,1,2,2,2,4,3,3,3,4,2
1469,0302c,0302b,1,3,1,0,2,2,3,0,3,2,2,2,2,4,3,3,3,4,2
1470,0302a,1500a,0,2,0,1,1,0,2,1,1,1,3,4,1,4,2,3,1,3,2
1471,1323a,1323b,1,2,0,1,1,2,3,2,3,2,1,1,0,2,2,1,1,3,2
1472,1465c,1323b,0,1,2,0,2,2,2,0,2,2,1,1,0,2,2,1,1,3,2
1473,1323a,1323c,1,2,0,1,1,2,3,2,3,2,1,0,1,1,2,2,3,0,1
1474,1323b,1323c,1,1,1,0,2,2,1,1,3,2,1,0,1,1,2,2,3,0,1
1475,0357b,0357a,1,2,1,0,0,0,2,2,3,2,3,4,1,1,2,3,2,3,2
1476,1429a,0357a,0,1,2,1,2,2,2,1,0,1,3,4,1,1,2,3,2,3,2
1477,0463a,0463b,1,1,1,1,0,0,3,3,4,2,0,0,0,3,2,3,0,3,2
1478,1152c,0463b,0,0,0,1,1,2,1,1,1,1,0,0,0,3,2,3,0,3,2
1479,0463a,1198a,0,1,1,1,0,0,3,3,4,2,3,0,2,4,2,2,0,4,2
1480,0450b,1198a,0,1,2,0,1,0,2,0,2,1,3,0,2,4,2,2,0,4,2
1481,0547c,1198a,0,1,2,1,3,2,1,2,1,1,3,0,2,4,2,2,0,4,2
1482,0595c,1198a,0,3,1,1,3,2,3,3,4,2,3,0,2,4,2,2,0,4,2
1483,1319c,1198a,0,1,0,1,0,2,0,1,4,2,3,0,2,4,2,2,0,4,2
1484,0463a,1198b,0,1,1,1,0,0,3,3,4,2,1,0,1,3,2,0,2,2,1
1485,1198a,1198b,1,3,0,2,4,2,2,0,4,2,1,0,1,3,2,0,2,2,1
1486,0373c,1198b,0,3,0,1,3,2,3,1,4,2,1,0,1,3,2,0,2,2,1
1487,0410c,1198b,0,2,1,2,1,0,2,1,3,2,1,0,1,3,2,0,2,2,1
1488,0463a,1259b,0,1,1,1,0,0,3,3,4,2,1,0,1,3,2,1,2,2,1
1489,1259a,1259b,1,1,4,0,0,2,3,1,3,2,1,0,1,3,2,1,2,2,1
1490,1259b,0317c,0,1,0,1,3,2,1,2,2,1,0,0,0,2,2,3,1,3,2
1491,0317a,0317c,1,1,1,0,2,0,1,1,2,1,0,0,0,2,2,3,1,3,2
1492,0317b,0317c,1,0,4,0,0,0,2,2,3,2,0,0,0,2,2,3,1,3,2
1493,1365b,0317c,0,0,4,1,3,2,2,1,0,2,0,0,0,2,2,3,1,3,2
1494,1191b,1191c,1,3,4,0,1,2,1,0,3,2,3,4,1,3,2,3,3,4,2
1495,1506a,1191c,0,2,1,0,3,0,2,1,0,2,3,4,1,3,2,3,3,4,2
1496,0450c,0911c,0,1,1,0,0,0,1,0,1,1,2,4,2,3,2,3,3,2,2
1497,0911b,0911c,1,1,3,1,1,2,2,2,1,1,2,4,2,3,2,3,3,2,2
1498,1114a,0911c,0,2,1,1,3,0,2,2,0,1,2,4,2,3,2,3,3,2,2
1499,1152a,1271c,0,3,4,0,2,2,1,0,2,2,0,1,2,4,2,2,2,2,2
1500,1271a,1271c,1,1,1,1,2,0,1,1,4,1,0,1,2,4,2,2,2,2,2
1501,1271b,1271c,1,3,4,2,2,0,2,1,3,2,0,1,2,4,2,2,2,2,2
1502,0549c,1271c,0,3,1,1,3,3,3,3,4,2,0,1,2,4,2,2,2,2,2
1503,0585b,0585c,1,3,1,2,3,2,3,1,4,2,0,1,0,2,2,1,1,0,2
1504,0385c,0540c,0,2,2,1,0,1,2,2,1,2,2,1,0,4,0,2,0,3,2
1505,0540a,0540c,1,3,3,1,1,2,3,0,3,2,2,1,0,4,0,2,0,3,2
1506,1500a,1500b,1,3,4,1,4,2,3,1,3,2,0,2,1,0,0,2,2,2,1
1507,0469a,0469b,1,2,3,1,1,2,2,3,4,2,3,2,1,2,0,2,1,1,1
1508,0469a,0469c,1,2,3,1,1,2,2,3,4,2,2,0,1,1,0,2,3,0,1
1509,0469b,0469c,1,3,2,1,2,0,2,1,1,1,2,0,1,1,0,2,3,0,1
1510,0347a,0347b,1,2,4,1,3,0,3,1,4,1,1,1,0,0,0,2,2,0,1
1511,1406a,1406b,1,1,2,2,4,2,2,0,2,2,1,0,0,1,0,2,2,2,2
1512,0401b,0401c,1,2,0,2,3,2,3,3,2,2,1,3,1,3,0,3,0,4,2
1513,0376c,0376b,1,2,1,0,0,3,2,2,3,2,1,2,0,2,0,1,1,1,1
1514,1488b,0376b,0,2,2,1,0,0,2,1,1,1,1,2,0,2,0,1,1,1,1
1515,0466c,0376b,0,3,1,1,2,2,1,2,0,1,1,2,0,2,0,1,1,1,1
1516,1308c,0376b,0,0,1,2,4,2,2,0,3,2,1,2,0,2,0,1,1,1,1
1517,0387b,0387a,1,2,2,0,1,0,1,0,2,1,0,1,0,2,0,1,2,2,2
1518,0549b,0549c,1,0,1,0,2,2,3,3,4,2,3,1,1,3,3,3,3,4,2
1519,1414b,1414c,1,0,4,0,0,0,1,1,1,1,1,0,1,1,3,1,1,2,1
1520,1394b,1414c,0,3,1,0,1,2,1,1,3,2,1,0,1,1,3,1,1,2,1
1521,1488b,1226c,0,2,2,1,0,0,2,1,1,1,2,0,0,0,0,2,0,0,2
1522,0429a,1555b,0,2,0,1,3,2,3,0,4,2,2,2,1,1,2,3,0,3,2
1523,1378a,1155b,0,3,4,1,3,2,3,0,0,2,1,1,1,3,0,1,1,2,1
1524,0450b,0911b,0,1,2,0,1,0,2,0,2,1,1,3,1,1,2,2,2,1,1
1525,1489c,1296c,0,2,4,1,0,2,2,1,1,2,1,1,1,3,0,2,1,0,2
1526,1426a,1191b,0,2,0,1,1,2,2,1,2,1,3,4,0,1,2,1,0,3,2
1527,0969b,1191b,0,2,0,1,1,2,1,1,2,1,3,4,0,1,2,1,0,3,2
1528,1296c,1314a,0,1,1,1,3,0,2,1,0,2,1,1,1,1,2,1,0,4,2
1529,1482a,1440c,0,2,4,1,3,2,2,3,1,2,2,4,1,1,2,3,0,2,2
1530,0464a,1501c,0,1,0,1,3,2,3,1,0,2,0,1,1,0,0,2,1,2,1
1531,1107c,1087a,0,0,2,1,3,2,2,1,0,2,1,2,1,1,2,1,0,2,1
1532,1375a,1377a,0,1,0,1,1,2,2,0,3,2,2,2,1,3,0,3,0,2,2
1533,1274a,0319a,0,1,1,1,1,2,2,0,3,2,2,4,1,0,2,3,1,2,2
1534,1255c,1538a,0,2,1,1,0,1,2,0,2,2,1,1,1,3,2,3,1,2,1
1535,1255c,1208a,0,2,1,1,0,1,2,0,2,2,0,4,1,0,0,2,0,2,2
1536,0458b,0583c,0,3,2,1,3,2,2,1,3,2,3,1,0,2,2,2,2,3,2
1537,1394b,0312b,0,3,1,0,1,2,1,1,3,2,1,1,0,1,2,2,2,4,2
1538,0419a,1460a,0,0,1,1,1,2,2,0,1,2,2,1,1,1,0,2,0,0,2
1539,1486b,0595c,0,2,0,1,0,2,3,1,4,2,3,1,1,3,2,3,3,4,2
1540,1236b,1219a,0,3,4,1,0,2,2,1,0,2,3,1,1,1,2,1,0,0,2
1541,0345a,1461b,0,0,1,1,0,0,2,0,2,2,2,2,1,0,2,1,0,0,2
1542,0897c,1511b,0,2,4,1,3,2,3,1,3,2,0,1,0,2,2,2,0,2,2
1543,1472c,0429b,0,2,0,1,3,2,2,1,1,2,1,1,1,3,2,3,1,4,2
1544,0463b,1392a,0,0,0,0,3,2,3,0,3,2,2,4,1,1,0,2,3,2,1
1545,1531a,0311a,0,2,0,1,0,2,3,0,3,2,1,2,1,1,2,1,3,3,2
1546,0514c,0311a,0,3,1,0,2,2,2,0,1,2,1,2,1,1,2,1,3,3,2
1547,1520c,1443c,0,2,1,1,3,1,2,0,1,2,0,1,1,1,2,1,1,2,1
1548,1520c,0473a,0,2,1,1,3,1,2,0,1,2,1,2,1,0,0,2,1,1,2
1549,1366c,1508b,0,0,1,1,0,2,2,1,1,1,1,1,1,0,2,1,1,0,1
1550,1366c,1140c,0,0,1,1,0,2,2,1,1,1,2,4,1,2,2,1,0,1,2
1551,0301c,0463a,0,3,1,1,4,0,2,0,1,2,1,1,1,0,0,3,3,4,2
1552,0322b,0463a,0,1,1,1,3,1,2,0,1,2,1,1,1,0,0,3,3,4,2
1553,1352a,1353b,0,2,2,1,1,2,2,1,4,2,2,1,0,2,2,1,0,2,2
1554,1282c,1353b,0,1,1,2,3,2,2,1,2,2,2,1,0,2,2,1,0,2,2
1555,1371c,1122a,0,2,1,1,0,2,3,2,3,2,2,1,1,3,0,1,0,2,1
1556,1282c,1381a,0,1,1,2,3,2,2,1,2,2,1,4,0,1,2,2,0,1,2
1557,1444b,0564a,0,1,0,1,1,2,2,0,0,1,2,1,1,0,2,3,3,2,1
1558,1444b,1557a,0,1,0,1,1,2,2,0,0,1,2,1,2,3,3,2,0,1,2
1559,0324a,1083a,0,0,2,1,0,1,2,1,3,2,0,4,2,4,2,3,1,1,1
1560,0911c,1348c,0,2,4,2,3,2,3,3,2,2,1,3,1,1,2,2,2,0,1
1561,0888c,1348c,0,0,1,1,0,0,2,1,1,1,1,3,1,1,2,2,2,0,1
1562,1475c,1308c,0,3,1,1,3,0,1,3,4,2,0,1,2,4,2,2,0,3,2
1563,0571c,1308c,0,1,0,1,1,0,1,0,1,1,0,1,2,4,2,2,0,3,2
1564,1416c,0520a,0,1,4,1,3,2,3,1,4,2,2,4,1,0,2,1,3,3,2
1565,0475a,1507b,0,0,1,1,2,2,2,1,4,2,1,0,1,1,2,2,3,0,2
1566,0585c,0941c,0,0,1,0,2,2,1,1,0,2,1,0,0,4,2,3,1,3,2
1567,0459b,1480c,0,2,0,1,0,2,3,1,3,2,0,0,1,1,2,2,1,2,2
1568,1193a,1217b,0,1,4,1,3,2,3,1,1,2,1,1,1,1,0,2,1,2,1
1569,1518a,1221a,0,2,2,1,3,2,2,0,1,2,3,4,1,0,2,2,2,1,2
1570,0579c,0348a,0,2,1,1,0,2,2,1,0,1,3,0,1,0,2,1,0,4,2
1571,0321b,0323c,0,3,2,1,3,2,2,1,4,2,1,0,1,1,0,1,0,0,1
1572,0321b,1196a,0,3,2,1,3,2,2,1,4,2,0,1,1,3,2,2,2,1,1
1573,1173c,0440c,0,1,2,1,3,0,2,0,2,2,3,4,1,0,2,1,0,4,2
1574,0544c,1561b,0,1,4,1,3,2,2,2,0,1,0,0,1,0,2,2,2,1,1
1575,1097a,1561b,0,3,2,1,0,2,2,0,4,2,0,0,1,0,2,2,2,1,1
1576,1097a,0950a,0,3,2,1,0,2,2,0,4,2,2,1,1,3,0,2,2,2,1
1577,1452b,0445a,0,1,0,1,3,2,2,0,2,2,2,2,1,0,0,2,0,3,2
1578,0363a,0317a,0,0,0,1,1,2,2,1,1,2,1,1,0,2,0,1,1,2,1
1579,1167a,0923a,0,0,2,1,0,2,2,0,4,2,2,1,1,1,1,2,0,2,2
1580,0307c,0859a,0,1,1,1,1,2,2,2,3,2,2,0,1,3,2,0,0,3,2
1581,0506b,0859a,0,2,2,1,2,2,2,1,0,1,2,0,1,3,2,0,0,3,2
